tag_code,report_season,location,country,abbrev
AACT584,2022,El Rosario,Mexico,MIC
AAHP562,2022,El Rosario,Mexico,MIC
AANY296,2022,El Rosario,Mexico,MIC
AAPW156,2022,El Rosario,Mexico,MIC
AARG636,2022,Cerro Pelon,Mexico,MEX
ABJU326,2022,El Rosario,Mexico,MIC
ABMG468,2022,El Rosario,Mexico,MIC
ABPA067,2022,El Rosario,Mexico,MIC
ABPM129,2022,El Rosario,Mexico,MIC
ABPT560,2022,El Rosario,Mexico,MIC
ABRL784,2022,El Rosario,Mexico,MIC
ABUC953,2022,El Rosario,Mexico,MIC
ABUL045,2022,El Rosario,Mexico,MIC
ABUR349,2022,El Rosario,Mexico,MIC
ABWR816,2022,Cerro Pelon,Mexico,MEX
ABWS147,2022,El Rosario,Mexico,MIC
ABXU433,2022,El Rosario,Mexico,MIC
ABXX245,2022,El Rosario,Mexico,MIC
ABXX742,2022,El Rosario,Mexico,MIC
ABYL554,2022,El Rosario,Mexico,MIC
ACAU249,2022,El Rosario,Mexico,MIC
ACBW732,2022,El Rosario,Mexico,MIC
ACBZ334,2022,El Rosario,Mexico,MIC
ACEE730,2022,El Rosario,Mexico,MIC
ACEG589,2022,El Rosario,Mexico,MIC
ACGG335,2022,El Rosario,Mexico,MIC
ACJG694,2022,El Rosario,Mexico,MIC
ACJY489,2022,El Rosario,Mexico,MIC
ACJZ048,2022,El Rosario,Mexico,MIC
ACLA307,2022,El Rosario,Mexico,MIC
ACLB013,2022,El Rosario,Mexico,MIC
ACLS033,2022,El Rosario,Mexico,MIC
ACLZ745,2022,El Rosario,Mexico,MIC
ACNB508,2022,El Rosario,Mexico,MIC
ACPG693,2022,El Rosario,Mexico,MIC
ACSR743,2022,El Rosario,Mexico,MIC
ACSW106,2022,El Rosario,Mexico,MIC
ACSZ304,2022,El Rosario,Mexico,MIC
ACTA327,2022,El Rosario,Mexico,MIC
ACTG764,2022,El Rosario,Mexico,MIC
ACTH388,2022,El Rosario,Mexico,MIC
ACUG117,2022,El Rosario,Mexico,MIC
ACUL421,2022,El Rosario,Mexico,MIC
ACUW493,2022,El Rosario,Mexico,MIC
ACWG235,2022,El Rosario,Mexico,MIC
ACWG739,2022,El Rosario,Mexico,MIC
ACWH930,2022,Cerro Pelon,Mexico,MEX
ACWN856,2022,Cerro Pelon,Mexico,MEX
ACWW652,2022,El Rosario,Mexico,MIC
ACWW701,2022,El Rosario,Mexico,MIC
ACWX857,2022,El Rosario,Mexico,MIC
ACWZ456,2022,El Rosario,Mexico,MIC
ACXB534,2022,Cerro Pelon,Mexico,MEX
ACXC138,2022,El Rosario,Mexico,MIC
ACXC970,2022,El Rosario,Mexico,MIC
ACXG324,2022,El Rosario,Mexico,MIC
ACXH571,2022,El Rosario,Mexico,MIC
ACXL143,2022,El Rosario,Mexico,MIC
ACXL768,2022,El Rosario,Mexico,MIC
ACXN927,2022,El Rosario,Mexico,MIC
ACXS997,2022,Las Palmas,Mexico,MEX
ACXU107,2022,El Rosario,Mexico,MIC
ACXW015,2022,El Rosario,Mexico,MIC
ACXW309,2022,El Rosario,Mexico,MIC
ACXX466,2022,El Rosario,Mexico,MIC
ACXY638,2022,El Rosario,Mexico,MIC
ACXY805,2022,Cerro Pelon,Mexico,MEX
ACYJ405,2022,El Rosario,Mexico,MIC
ACYX804,2022,El Rosario,Mexico,MIC
ACYY387,2022,El Rosario,Mexico,MIC
ACYZ411,2022,El Rosario,Mexico,MIC
ACZA162,2022,El Rosario,Mexico,MIC
AEAM012,2022,El Rosario,Mexico,MIC
AEAM219,2022,El Rosario,Mexico,MIC
AEBP146,2022,El Rosario,Mexico,MIC
AEBP473,2022,Cerro Pelon,Mexico,MEX
AEBP562,2022,El Rosario,Mexico,MIC
AEBW881,2022,Cerro Pelon,Mexico,MEX
AEBW979,2022,El Rosario,Mexico,MIC
AECA906,2022,Cerro Pelon,Mexico,MEX
AECB492,2022,El Rosario,Mexico,MIC
AECG681,2022,El Rosario,Mexico,MIC
AECJ433,2022,El Rosario,Mexico,MIC
AECJ704,2022,El Rosario,Mexico,MIC
AECR369,2022,El Rosario,Mexico,MIC
AECT304,2022,El Rosario,Mexico,MIC
AECU102,2022,El Rosario,Mexico,MIC
AECU456,2022,Cerro Pelon,Mexico,MEX
AECW069,2022,El Rosario,Mexico,MIC
AECY948,2022,El Rosario,Mexico,MIC
AEEA821,2022,El Rosario,Mexico,MIC
AEEE273,2022,El Rosario,Mexico,MIC
AEEG729,2022,El Rosario,Mexico,MIC
AEEH069,2022,El Rosario,Mexico,MIC
AEEL334,2022,Cerro Pelon,Mexico,MEX
AEEL936,2022,El Rosario,Mexico,MIC
AEER760,2022,El Rosario,Mexico,MIC
AEET835,2022,El Rosario,Mexico,MIC
AEGC131,2022,El Rosario,Mexico,MIC
AEGW478,2022,El Rosario,Mexico,MIC
AEHU735,2022,El Rosario,Mexico,MIC
AEJJ562,2022,El Rosario,Mexico,MIC
AEJT237,2022,El Rosario,Mexico,MIC
AEJT601,2022,El Rosario,Mexico,MIC
AEJW010,2022,El Rosario,Mexico,MIC
AEJW383,2022,El Rosario,Mexico,MIC
AELG018,2022,Cerro Pelon,Mexico,MEX
AELL809,2022,El Rosario,Mexico,MIC
AELX135,2022,Cerro Pelon,Mexico,MEX
AEMB114,2022,El Rosario,Mexico,MIC
AEMC511,2022,El Rosario,Mexico,MIC
AEMC623,2022,El Rosario,Mexico,MIC
AEME909,2022,El Rosario,Mexico,MIC
AEMG347,2022,El Rosario,Mexico,MIC
AEMJ311,2022,El Rosario,Mexico,MIC
AEMN206,2022,El Rosario,Mexico,MIC
AEMP319,2022,El Rosario,Mexico,MIC
AEMP901,2022,El Rosario,Mexico,MIC
AEMR675,2022,El Rosario,Mexico,MIC
AEMT030,2022,El Rosario,Mexico,MIC
AEMU158,2022,El Rosario,Mexico,MIC
AEMU487,2022,El Rosario,Mexico,MIC
AEMW943,2022,El Rosario,Mexico,MIC
AEMX280,2022,El Rosario,Mexico,MIC
AENT042,2022,El Rosario,Mexico,MIC
AENU700,2022,Cerro Pelon,Mexico,MEX
AENY846,2022,Sierra Chincua,Mexico,MIC
AEPC600,2022,Cerro Pelon,Mexico,MEX
AEPJ749,2022,El Rosario,Mexico,MIC
AEPZ186,2022,El Rosario,Mexico,MIC
AERB205,2022,El Rosario,Mexico,MIC
AERS855,2022,El Rosario,Mexico,MIC
AERS971,2022,El Rosario,Mexico,MIC
AERU176,2022,El Rosario,Mexico,MIC
AERU218,2022,El Rosario,Mexico,MIC
AERX051,2022,El Rosario,Mexico,MIC
AERX221,2022,El Rosario,Mexico,MIC
AERY079,2022,El Rosario,Mexico,MIC
AERY437,2022,El Rosario,Mexico,MIC
AESH737,2022,Cerro Pelon,Mexico,MEX
AESJ706,2022,El Rosario,Mexico,MIC
AESL660,2022,El Rosario,Mexico,MIC
AETC250,2022,Sierra Chincua,Mexico,MIC
AETH681,2022,El Rosario,Mexico,MIC
AETJ142,2022,El Rosario,Mexico,MIC
AETS313,2022,Cerro Pelon,Mexico,MEX
AEUE792,2022,Cerro Pelon,Mexico,MEX
AEUH847,2022,El Rosario,Mexico,MIC
AEUJ166,2022,El Rosario,Mexico,MIC
AEUL002,2022,El Rosario,Mexico,MIC
AEUL434,2022,El Rosario,Mexico,MIC
AEUU758,2022,El Rosario,Mexico,MIC
AEWC527,2022,El Rosario,Mexico,MIC
AEWN914,2022,El Rosario,Mexico,MIC
AEWS657,2022,Cerro Pelon,Mexico,MEX
AEWU269,2022,El Rosario,Mexico,MIC
AEXB009,2022,El Rosario,Mexico,MIC
AEXX885,2022,El Rosario,Mexico,MIC
AEYT475,2022,El Rosario,Mexico,MIC
AEYY248,2022,El Rosario,Mexico,MIC
AEZC293,2022,El Rosario,Mexico,MIC
AEZC464,2022,El Rosario,Mexico,MIC
AEZE897,2022,Atlautla,Mexico,MEX
AEZG322,2022,El Rosario,Mexico,MIC
AEZG452,2022,El Rosario,Mexico,MIC
AEZG470,2022,El Rosario,Mexico,MIC
AEZH838,2022,El Rosario,Mexico,MIC
AEZJ420,2022,Sierra Chincua,Mexico,MIC
AEZL158,2022,El Rosario,Mexico,MIC
AEZL378,2022,El Rosario,Mexico,MIC
AEZL920,2022,El Rosario,Mexico,MIC
AEZP503,2022,El Rosario,Mexico,MIC
AEZT503,2022,El Rosario,Mexico,MIC
AEZU280,2022,Cerro Pelon,Mexico,MEX
AEZY844,2022,El Rosario,Mexico,MIC
AEZZ564,2022,El Rosario,Mexico,MIC
AGAA416,2022,El Rosario,Mexico,MIC
AGAA864,2022,El Rosario,Mexico,MIC
AGAC717,2022,Atlautla,Mexico,MEX
AGAE264,2022,El Rosario,Mexico,MIC
AGAG780,2022,El Rosario,Mexico,MIC
AGAH144,2022,El Rosario,Mexico,MIC
AGAH589,2022,El Rosario,Mexico,MIC
AGAL168,2022,El Rosario,Mexico,MIC
AGAP674,2022,Atlautla,Mexico,MEX
AGAW092,2022,El Rosario,Mexico,MIC
AGAY694,2022,Cerro Pelon,Mexico,MEX
AGBB269,2022,El Rosario,Mexico,MIC
AGBC269,2022,El Rosario,Mexico,MIC
AGBC315,2022,El Rosario,Mexico,MIC
AGBE237,2022,El Rosario,Mexico,MIC
AGBE252,2022,El Rosario,Mexico,MIC
AGCJ663,2022,El Rosario,Mexico,MIC
AGEL885,2022,El Rosario,Mexico,MIC
AGEM518,2022,El Rosario,Mexico,MIC
AGEN168,2022,El Rosario,Mexico,MIC
AGEN275,2022,El Rosario,Mexico,MIC
AGEN521,2022,El Rosario,Mexico,MIC
AGER851,2022,El Rosario,Mexico,MIC
AGES084,2022,El Rosario,Mexico,MIC
AGES112,2022,El Rosario,Mexico,MIC
AGEU899,2022,Cerro Pelon,Mexico,MEX
AGEW749,2022,El Rosario,Mexico,MIC
AGEX137,2022,El Rosario,Mexico,MIC
AGEZ690,2022,El Rosario,Mexico,MIC
AGF137,2022,Cerro Pelon,Mexico,MEX
AGGA223,2022,Sierra Chincua,Mexico,MIC
AGGB225,2022,El Rosario,Mexico,MIC
AGGH310,2022,El Rosario,Mexico,MIC
AGGJ451,2022,Cerro Pelon,Mexico,MEX
AGGJ802,2022,El Rosario,Mexico,MIC
AGGL291,2022,El Rosario,Mexico,MIC
AGGL353,2022,El Rosario,Mexico,MIC
AGGP769,2022,El Rosario,Mexico,MIC
AGGY128,2022,Atlautla,Mexico,MEX
AGHG207,2022,El Rosario,Mexico,MIC
AGHG767,2022,El Rosario,Mexico,MIC
AGHJ927,2022,El Rosario,Mexico,MIC
AGHL168,2022,El Rosario,Mexico,MIC
AGHM565,2022,El Rosario,Mexico,MIC
AGHM630,2022,El Rosario,Mexico,MIC
AGHN667,2022,El Rosario,Mexico,MIC
AGHR235,2022,Cerro Pelon,Mexico,MEX
AGHS126,2022,El Rosario,Mexico,MIC
AGHS163,2022,El Rosario,Mexico,MIC
AGHT002,2022,El Rosario,Mexico,MIC
AGHT804,2022,El Rosario,Mexico,MIC
AGHT812,2022,El Rosario,Mexico,MIC
AGHU264,2022,El Rosario,Mexico,MIC
AGHU495,2022,El Rosario,Mexico,MIC
AGHW227,2022,El Rosario,Mexico,MIC
AGHY331,2022,El Rosario,Mexico,MIC
AGHY777,2022,El Rosario,Mexico,MIC
AGJE327,2022,El Rosario,Mexico,MIC
AGJG061,2022,El Rosario,Mexico,MIC
AGJH103,2022,El Rosario,Mexico,MIC
AGJJ292,2022,El Rosario,Mexico,MIC
AGJJ801,2022,El Rosario,Mexico,MIC
AGJJ810,2022,El Rosario,Mexico,MIC
AGJJ846,2022,El Rosario,Mexico,MIC
AGJL005,2022,El Rosario,Mexico,MIC
AGJP447,2022,El Rosario,Mexico,MIC
AGJP858,2022,El Rosario,Mexico,MIC
AGJR249,2022,El Rosario,Mexico,MIC
AGJR580,2022,El Rosario,Mexico,MIC
AGJT502,2022,Cerro Pelon,Mexico,MEX
AGJT843,2022,El Rosario,Mexico,MIC
AGJX799,2022,El Rosario,Mexico,MIC
AGLC978,2022,Cerro Pelon,Mexico,MEX
AGLG801,2022,El Rosario,Mexico,MIC
AGLG832,2022,El Rosario,Mexico,MIC
AGLH143,2022,El Rosario,Mexico,MIC
AGMN460,2022,El Rosario,Mexico,MIC
AGMS778,2022,El Rosario,Mexico,MIC
AGMW336,2022,El Rosario,Mexico,MIC
AGMY030,2022,El Rosario,Mexico,MIC
AGNB541,2022,Cerro Pelon,Mexico,MEX
AGNC377,2022,Cerro Pelon,Mexico,MEX
AGNE594,2022,El Rosario,Mexico,MIC
AGNG395,2022,Atlautla,Mexico,MEX
AGNH051,2022,El Rosario,Mexico,MIC
AGNH735,2022,El Rosario,Mexico,MIC
AGNH746,2022,El Rosario,Mexico,MIC
AGNH922,2022,El Rosario,Mexico,MIC
AGNR525,2022,El Rosario,Mexico,MIC
AGNS538,2022,El Rosario,Mexico,MIC
AGNS870,2022,El Rosario,Mexico,MIC
AGNX173,2022,El Rosario,Mexico,MIC
AGNX373,2022,El Rosario,Mexico,MIC
AGNY004,2022,El Rosario,Mexico,MIC
AGNZ050,2022,El Rosario,Mexico,MIC
AGPA461,2022,Cerro Pelon,Mexico,MEX
AGPB340,2022,El Rosario,Mexico,MIC
AGPB691,2022,El Rosario,Mexico,MIC
AGPC126,2022,El Rosario,Mexico,MIC
AGPG101,2022,El Rosario,Mexico,MIC
AGPG458,2022,Cerro Pelon,Mexico,MEX
AGPG743,2022,Cerro Pelon,Mexico,MEX
AGPR780,2022,El Rosario,Mexico,MIC
AGPT121,2022,Cerro Pelon,Mexico,MEX
AGPT281,2022,El Rosario,Mexico,MIC
AGPY653,2022,El Rosario,Mexico,MIC
AGPZ573,2022,El Rosario,Mexico,MIC
AGPZ602,2022,El Rosario,Mexico,MIC
AGPZ672,2022,El Rosario,Mexico,MIC
AGRL524,2022,El Rosario,Mexico,MIC
AGRM407,2022,Cerro Pelon,Mexico,MEX
AGRU441,2022,El Rosario,Mexico,MIC
AGRW745,2022,El Rosario,Mexico,MIC
AGRW862,2022,El Rosario,Mexico,MIC
AGRX429,2022,El Rosario,Mexico,MIC
AGRY030,2022,Sierra Chincua,Mexico,MIC
AGRY597,2022,El Rosario,Mexico,MIC
AGS497,2022,Cerro Pelon,Mexico,MEX
AGSE720,2022,El Rosario,Mexico,MIC
AGSE853,2022,El Rosario,Mexico,MIC
AGSG214,2022,El Rosario,Mexico,MIC
AGSG265,2022,Cerro Pelon,Mexico,MEX
AGSG306,2022,El Rosario,Mexico,MIC
AGSG593,2022,El Rosario,Mexico,MIC
AGSJ413,2022,El Rosario,Mexico,MIC
AGSJ790,2022,Ixtlahuaca,Mexico,MEX
AGSJ875,2022,El Rosario,Mexico,MIC
AGSL980,2022,El Rosario,Mexico,MIC
AGTE790,2022,Sierra Chincua,Mexico,MIC
AGTG302,2022,El Rosario,Mexico,MIC
AGTH287,2022,El Rosario,Mexico,MIC
AGTJ221,2022,El Rosario,Mexico,MIC
AGTN186,2022,El Rosario,Mexico,MIC
AGTN479,2022,El Rosario,Mexico,MIC
AGTT028,2022,El Rosario,Mexico,MIC
AGTT575,2022,El Rosario,Mexico,MIC
AGTW280,2022,El Rosario,Mexico,MIC
AGUE822,2022,El Rosario,Mexico,MIC
AGUG138,2022,Atlautla,Mexico,MEX
AGUW608,2022,El Rosario,Mexico,MIC
AGUW669,2022,El Rosario,Mexico,MIC
AGUW832,2022,El Rosario,Mexico,MIC
AGUY335,2022,El Rosario,Mexico,MIC
AGUY792,2022,El Rosario,Mexico,MIC
AGUZ560,2022,El Rosario,Mexico,MIC
AGUZ717,2022,El Rosario,Mexico,MIC
AGWS354,2022,El Rosario,Mexico,MIC
AGWY880,2022,El Rosario,Mexico,MIC
AGWZ703,2022,El Rosario,Mexico,MIC
AGXB246,2022,Cerro Pelon,Mexico,MEX
AGXB979,2022,El Rosario,Mexico,MIC
AGXR776,2022,Piedra Herrada,Mexico,MEX
AGXS694,2022,El Rosario,Mexico,MIC
AGXS706,2022,Atlautla,Mexico,MEX
AGXT090,2022,El Rosario,Mexico,MIC
AGXT516,2022,El Rosario,Mexico,MIC
AGXW776,2022,Cerro Pelon,Mexico,MEX
AGYL350,2022,El Rosario,Mexico,MIC
AGYN527,2022,El Rosario,Mexico,MIC
AGYN792,2022,El Rosario,Mexico,MIC
AGYP187,2022,El Rosario,Mexico,MIC
AGYS534,2022,El Rosario,Mexico,MIC
AGYT265,2022,El Rosario,Mexico,MIC
AGYU250,2022,El Rosario,Mexico,MIC
AGYW510,2022,El Rosario,Mexico,MIC
AGYY090,2022,Cerro Pelon,Mexico,MEX
AGZG044,2022,El Rosario,Mexico,MIC
AGZM453,2022,Sierra Chincua,Mexico,MIC
AGZN556,2022,El Rosario,Mexico,MIC
AGZN564,2022,El Rosario,Mexico,MIC
AGZY325,2022,El Rosario,Mexico,MIC
AHAB753,2022,El Rosario,Mexico,MIC
AHAE030,2022,El Rosario,Mexico,MIC
AHAL012,2022,Cerro Pelon,Mexico,MEX
AHAL906,2022,El Rosario,Mexico,MIC
AHAP231,2022,El Rosario,Mexico,MIC
CDS808,2022,El Rosario,Mexico,MIC
CFI680,2022,El Rosario,Mexico,MIC
LCY305,2022,Cerro Pelon,Mexico,MEX
LEJ381,2022,El Rosario,Mexico,MIC
LGS028,2022,Cerro Pelon,Mexico,MEX
MHE682,2022,El Rosario,Mexico,MIC
NCE004,2022,Cerro Pelon,Mexico,MEX
NHY830,2022,Cerro Pelon,Mexico,MEX
PHZ633,2022,Cerro Pelon,Mexico,MEX
TCX116,2022,El Rosario,Mexico,MIC
UCX625,2022,El Rosario,Mexico,MIC
UNA295,2022,El Rosario,Mexico,MIC
UQ327,2022,El Rosario,Mexico,MIC
XNX639,2022,El Rosario,Mexico,MIC
YJW646,2022,El Rosario,Mexico,MIC
YYJ900,2022,El Rosario,Mexico,MIC
ZBR223,2022,El Rosario,Mexico,MIC
