tag_code,date,city_location,state_province,zip_pc,country,first_name,notes
AAAF203,2022-11-07T00:00:00Z,Killeen,TX,,USA,Paul,This monarch was with 3 other I tagged monarchs.
AACW276,2022-08-29T00:00:00Z,Duluth,MN,,USA,Breanna,Spotted on flowers in local park that has purposely planted pollinator flower areas
AACW276,2022-08-31T00:00:00Z,Duluth,MN,,USA,Deanna,"A Zen garden area in the downtown area on a Hydrangea bush, beautiful!!"
AACW276,2022-09-05T00:00:00Z,Duluth,MN,,USA,Kim,On a native plant garden near Canal Brewing Company in Duluth. Was seen nectaring.
AANR121,2022-08-25T00:00:00Z,Burton,MI,,USA,Gregory,Formar Nature Preserve in Burton MI.
AANR121,2022-08-25T00:00:00Z,Burton,MI,,USA,Jessi,It was within one mile of the possible tagging site.
ABEW234,2022-10-03T00:00:00Z,Golden Valley,MN,,USA,Jason,NA
ABGH686,2022-08-26T00:00:00Z,Bedford,MA,,USA,Hannah,I found this beautiful monarch on my butterfly bush in my backyard. looked very healthy and was traveling with a monarch friend that wasn’t tagged!
ABGZ273,2022-10-11T00:00:00Z,Manhattan,NY,,USA,Robert,NA
ABPB631,2022-10-29T00:00:00Z,Ottawa,ON,,CAN,Chantal,"She seemed quite drowsy initially, brought her inside and seem to recover. After warming up she flew away. We have had freezing temperatures at night."
ABRC524,2022-08-12T00:00:00Z,Sudbury,ON,,CAN,Maddy,"Found it in my driveway, got a GREAT picture"
ABUY809,2022-08-18T00:00:00Z,Erie,PA,,USA,Kait,"Found in the children's garden area of the Erie Zoo , Erie PA. Butterfly had been deceased for hours if not days."
ABZY163,2022-10-31T00:00:00Z,Blythewood,SC,,USA,Sharleen,The Monarch was feeding on flowers on my porch.
ACCA423,2022-08-24T00:00:00Z,Sea Cliff,NY,,USA,Elizabeth,Found flying in our garden amongst the milkweed and butterfly bush.
ACEY557,2022-08-19T00:00:00Z,Fair Harbor Fire Island,NY,,USA,Madeline,Hovering on a lantana plant outside a restaurant on Fire Island
ACGE368,2022-08-12T00:00:00Z,Rochester Hills,MI,,USA,Ozzy,The Monarch was found in the backyard of the home listed as address (not my house)
ACGR806,2022-09-24T00:00:00Z,Erie,PA,,USA,Jane,Nectaring on a butterfly bush in my back yard
ACHG475,2022-08-20T00:00:00Z,Fort Wayne,IN,,USA,Jacalyn,On my zinnias in my back yard
ACJY494,2022-10-10T00:00:00Z,Oklahoma City,OK,,USA,Sierra,Found at botanical garden
ACKP213,2022-10-16T00:00:00Z,Fitchburg,WI,,USA,Mark,At home on my Zinnias
ACNU747,2022-10-10T00:00:00Z,Arthur City,TX,,USA,Tamera,NA
ACPU071,2022-09-04T00:00:00Z,Bloomington,MN,,USA,Tracie,"MN Wildlife Refuge, Bloomington, MN"
ACRT666,2022-09-13T00:00:00Z,Grosse pointe farms,MI,,USA,Jacqueline,On my zinnias
ACSM212,2022-12-23T00:00:00Z,Edisto Beach,SC,,USA,Karen,It was clinging to a screen porch.
ACUJ979,2022-09-16T00:00:00Z,Short Hills,NJ,,USA,Happy,NA
ACWJ934,2022-10-22T00:00:00Z,"San Antonio,",TX,,USA,Keith,NA
ACXA470,2022-10-24T00:00:00Z,Milwaukee,WI,,USA,Ana Alicia,NA
AEAR283,2022-09-24T00:00:00Z,Oak beach,NY,,USA,shaun,Saw along greenway on Bay side of Ocean parkway across from east end of oak beach.
AEBE222,2022-10-15T00:00:00Z,Stone Harbor,NJ,,USA,Michael,"Found at Stone Harbor point, just off the beach"
AEBU900,2022-09-06T00:00:00Z,Saint Paul,MN,,USA,Moraghan,NA
AEBW305,2022-10-02T00:00:00Z,Minneapolis,MN,,USA,Meaza,NA
AEBW305,2022-10-03T00:00:00Z,Minneapolis,MN,,USA,Lori,"Feeding on asters in my yard, seems late to still be here but it’s been warm."
AEBW306,2022-10-04T00:00:00Z,Minneapolis,MN,,USA,Karen,Been at my house 3 day so far. Loves my Zinnias.
AEBW387,2022-10-04T00:00:00Z,White Bear Lake,MN,,USA,Andrea,NA
AEGX757,2022-09-04T00:00:00Z,Ellicott City,MD,,USA,Janice,The monarch was located in a sunflower field
AEHA936,2022-10-13T00:00:00Z,King William,VA,,USA,Mary,Found on a yellow butterfly bush in my yard.
AEHC777,2022-08-04T00:00:00Z,Herndon,VA,,USA,MONA,NA
AELA048,2022-09-07T00:00:00Z,Coshocton,OH,,USA,Cathy,The monarch was at a community garden that has been planted and cared for by our local garden club.
AERW798,2022-10-20T00:00:00Z,Fort Worth,TX,,USA,Amanda,Found in our backyard on our milkweed plants. Very active.
AERW855,2022-09-21T00:00:00Z,Bedford,TX,,USA,Caitlin,Found in milkweed in my garden. I believe I saw the same butterfly alive only a day or two prior.
AERW891,2022-10-08T00:00:00Z,Keller,TX,,USA,Deb,The wings were tattered and found in a bucket of water.
AETJ124,2022-09-19T00:00:00Z,Westwood,KS,,USA,SARA,NA
AETW140,2022-09-08T00:00:00Z,Kelleys Island,OH,,USA,Rebecca,NA
AEUU006,2022-09-08T00:00:00Z,Kansas City,MO,,USA,Allison,Found in my backyard which I don’t frequent. May have been dead for sometime but not decomposed and sticker looks clean.
AEW342,2022-10-03T00:00:00Z,Minneapolis,MN,,USA,NA,On a Mexican sunflower
AEWE912,2022-09-09T00:00:00Z,Toronto,ON,,CAN,Stephen,Only a section of the bottom left wing found
AEWJ246,2022-08-12T00:00:00Z,Troy 48084,MI,,USA,DEBORAH,The Monarch was enjoying nectar from a dahlia in the flower bed.
AEWJ248,2022-08-24T00:00:00Z,Clinton township,MI,,USA,lisa,NA
AEWJ253,2022-08-29T00:00:00Z,Avon,OH,,USA,Jayma,On our butterfly bush in Avon Ohio
AEWN268,2022-09-21T00:00:00Z,North Branford,CT,,USA,Michael,NA
AEXG988,2022-09-18T00:00:00Z,Wyoming,MI,,USA,Lindsay,This butterfly was eating from a Mexican Sunflower in our back yard.
AEXH029,2022-09-14T00:00:00Z,Ann Arbor,MI,,USA,Jeremy,NA
AEXH032,2022-09-11T00:00:00Z,Ann Arbor,MI,,USA,Rachel,NA
AEXH105,2022-09-13T00:00:00Z,Ann Arbor,MI,,USA,Robert,Feeding on zinnia’s
AEXH142,2022-09-13T00:00:00Z,Ann Arbor,MI,,USA,Linda,Observed in our garden on Northern Blazing Stars and zinnias
AEXH162,2022-09-11T00:00:00Z,Ann Arbor,MI,,USA,Kyle,NA
AEXH202,2022-09-14T00:00:00Z,Ann Arbor,MI,,USA,Linda,Northern Blazing Star
AEXH288,2022-09-13T00:00:00Z,Ann Arbor,MI,,USA,Linda,Observed in our garden on Northern Blazing Stars and Zinnias
AEXM700,2022-09-18T00:00:00Z,MILAN,MI,,USA,Kerri,Found Sunday 9/18 around 5pm ESt in our Zinnia patch
AEXM701,2022-09-14T00:00:00Z,Ann Arbor,MI,,USA,Linda,Feasting on Northern Blazing Star
AEXM756,2022-09-28T00:00:00Z,Grand Rapids,MI,,USA,Erin,NA
AEXM760,2022-09-24T00:00:00Z,Grand Rapids,MI,,USA,Nancy L,"My front yard, resting on my Geranium"
AEXM794,2022-09-29T00:00:00Z,Grand Rapids,MI,,USA,Megan,Butterfly was feeding in John Ball Zoo near the bald eagle exhibit.
AEXM805,2022-09-28T00:00:00Z,Grand Rapids,MI,,USA,Megan,Monarch was found deceased on the ground near the Central Services Building of John Ball Zoo (located on Butterworth Street) around 12:00PM. Temperature was around 50 degrees Fahrenheit.
AEXR957,2022-08-21T00:00:00Z,Plymouth,MI,,USA,Matt,Our backyard butterfly bush & cone flowers
AEXU940,2022-09-01T00:00:00Z,Altamonte Springs,FL,,USA,Donnie,Found dead in window ledge
AEYG575,2022-09-25T00:00:00Z,Pensacola,FL,,USA,Andra,On Perdido Bay over boarder Florida Alabama line
AEYG575,2022-09-25T00:00:00Z,Pensacola,FL,,USA,ANDRA,NA
AEYG641,2022-09-30T00:00:00Z,Wichita,KS,,USA,David,Found flying and landing on our purple sedum.
AEYG641,2022-09-30T00:00:00Z,Wichita,KS,,USA,DAVID,Monarch is alive and well
AEYH459,2022-09-28T00:00:00Z,Wapello,IA,,USA,Taren,The monarch was found on the grass in front of a school. It was flapping its wings slowly.
AEYT842,2022-09-17T00:00:00Z,Charleston,SC,,USA,Kristie,"It was on the Gay Feather I have planted in my yard. They love it, there will be several on a plant at a time."
AEYU106,2022-10-14T00:00:00Z,Folly Beach,SC,,USA,Anna,Perfect condition found on sidewalk
AEYU529,2022-11-29T00:00:00Z,Folly beach,SC,,USA,Michelle,I found this one in my back yard. I’ve seen many recently & two link together. We had temperatures drop not sure if that hurt it we live across the street from the ocean.
AEYU545,2022-12-18T00:00:00Z,Edisto,SC,,USA,Sarah,"It was found on the stairs of our porch, his wing is torn at the bottom, but he is alive. Seems injured."
AEYU797,2022-12-26T00:00:00Z,Folly Beach,SC,,USA,Anne,"Found at Folly Beach County Park, ON gravel at a picnic shelter near the entrance. Lower half of abdomen was missing. Eaten by a bird? I took a photo."
AEYW834,2022-09-18T00:00:00Z,Moncton,NB,,CAN,Mel,Bog
AEYY908,2022-10-14T00:00:00Z,Athens,GA,,USA,Lucy,They were eating from an aster in an early succession plant community in the Oconee Forest Park :)
AEZB062,2022-09-03T00:00:00Z,Niagara Falls,NY,,USA,Stephanie,NA
AEZB064,2022-09-03T00:00:00Z,Niagara Falls,ON,,CAN,Isabella,Outside the Butterfly conservatory
AEZB169,2022-09-03T00:00:00Z,Niagara falls,ON,,CAN,Marc,We found this butterfly outside the Niagara butterfly conservatory
AEZB190,2022-09-04T00:00:00Z,Niagara Falls,ON,,CAN,Arash,I saw it just outside of the Butterfly Conservatory park
AEZE615,2022-08-19T00:00:00Z,Scarborough,ON,,CAN,Timothy,"Seen at Rosetta McClain Gardens park, when doing a YouTube video of the area."
AEZE618,2022-08-18T00:00:00Z,Scarborough,ON,,CAN,Christine,Rosetta McLean Park
AEZG161,2022-09-17T00:00:00Z,Leamington,ON,,CAN,Darlene,It was seen flying in & landing in a tree at the Tip at Point Pelee National Park when the tag was noticed by my friends Fred & Connie.
AEZH060,2022-09-01T00:00:00Z,Toronto,ON,,CAN,Stevie,NA
AEZJ925,2022-08-16T00:00:00Z,Southampton,ON,,CAN,Sabrina,In our wetland meadow feeding on the swamp milkweed
AEZL180,2022-09-05T00:00:00Z,Port Elgin,ON,,CAN,Michele,NA
AEZM259,2022-12-04T00:00:00Z,Corpus christi,TX,,USA,Noel,I found him at my work at Oso Growers on one of our plants
AEZM484,2022-09-13T00:00:00Z,Cleveland,OH,,USA,Megan,NA
AEZM484,2022-09-13T00:00:00Z,Cleveland,OH,,USA,Megan,At Wendy Park on Lake Erie shore
AEZM732,2022-09-03T00:00:00Z,Morpeth,ON,,CAN,Elaine,The Monarch Butterfly was feeding on the nectar of a white flowering plant at Rondeau Provincial Park.
AEZN355,2022-09-14T00:00:00Z,Parma,OH,,USA,Tom,Found in west creek reservation Cleveland metroparks
AEZP891,2022-08-25T00:00:00Z,CAMBRIDGE,ON,,CAN,CHRISTINE,"Monarch was happily flying about with an untagged friend, visiting my zinnia flower garden"
AEZP896,2022-08-27T00:00:00Z,Cambridge,ON,,CAN,Christine,Butterfly was visiting my zinnias
AEZR200,2022-09-13T00:00:00Z,St. Thomas,ON,,CAN,Tatyana,NA
AEZR393,2022-10-28T00:00:00Z,Point Clear,AL,,USA,Brian,"Large male, was in good shape. Among ~80 others feeding on bottlebrush at the Grand Hotel in Point Clear, AL."
AEZR393,2022-10-31T00:00:00Z,Point Clear,AL,,USA,Mark,Feeding on red bottle brush bush at the Grand Hotel
AEZS116,2022-08-31T00:00:00Z,Cleveland,OH,,USA,Lisa,My back yard on my mexican sunflower plant
AEZT441,2022-08-14T00:00:00Z,Winnipeg,MB,,CAN,Heather,On my wildflowers in garden
AEZU591,2022-09-17T00:00:00Z,Sandusky,OH,,USA,NA,Found portion of wing with tag at cedar point beach
AEZW062,2022-09-25T00:00:00Z,Portland,ME,,USA,Ben,NA
AEZW852,2022-08-13T00:00:00Z,Southwest Harbor,ME,,USA,Luca,Found at Charlotte Rhoades Park - Butterfly Garden. Healthy female on Buddleia.
AEZW903,2022-09-02T00:00:00Z,Southwest Harbor,ME,,USA,Esther,Seen at Charlotte Rhodes Butterfly Garden / Park
AEZW916,2022-09-14T00:00:00Z,Southwest Harbor,ME,,USA,Wayne,"Charlotte Rhoades Butterfly Park, Southwest Harbor, Me"
AEZX533,2022-08-24T00:00:00Z,Islesboro,ME,,USA,Virginia,NA
AEZX563,2022-08-27T00:00:00Z,Searsport,ME,,USA,Phil,Searsport Shores Lot 53 in Peggy’garden
AEZX632,2022-09-11T00:00:00Z,Haverhill,MA,,USA,Robin,Found on Butterfly bush and zinnia garden
AEZY834,2022-09-08T00:00:00Z,Rosemount,MN,,USA,Stacy,I picked it up in the parking lot at school this was before students.
AEZY876,2022-10-19T00:00:00Z,Hastings,MN,,USA,Angela,In the yard while raking leaves
AG8G987,2022-08-20T00:00:00Z,Pittsfield,MA,,USA,Anne,Feeding on my butterfly bush
AG8Z590,2022-08-30T00:00:00Z,"Manhattan, NYC",NY,,USA,Dolores,NA
AGAB358,2022-09-24T00:00:00Z,Enid,OK,,USA,NA,NA
AGAB385,2022-09-05T00:00:00Z,Council Bluffs,IA,,USA,Michael,Spotted at the Council Bluffs Country Club pool
AGAB402,2022-09-02T00:00:00Z,Plymouth,MN,,USA,Carolyn,I have 4 alive and 4 chrysalis
AGAB415,2022-08-17T00:00:00Z,Eden Prairie,MN,,USA,Jim,The monarch was feeding on meadow blazing star.
AGAB434,2022-09-02T00:00:00Z,Roseville,MN,,USA,Riga,On a flower at the community garden in oasis park
AGAC025,2022-08-15T00:00:00Z,Minneapolis,MN,,USA,Kelli,In our garden.
AGAC111,2022-08-30T00:00:00Z,Woodbury,MN,,USA,Michael,"Found on prairie blazing star plants in garden, alive and well"
AGAC291,2022-09-13T00:00:00Z,Crystal,MN,,USA,Lindsey,NA
AGAC967,2022-08-28T00:00:00Z,Rochester,MN,,USA,Ethan,"The monarch appeared to have been killed by a bird -- only the wings remained. There weren't obvious markings on the wings, so I'm inclined to think it had been a female. I do have photos of three of the four wing parts."
AGAL100,2022-09-02T00:00:00Z,St. Clair Shores,MI,,USA,Jill,Found in a neighbors garden
AGAL286,2022-08-15T00:00:00Z,Saint Clair Shores,MI,,USA,Sharon,Feeding on blazing star
AGAL673,2022-08-27T00:00:00Z,Brighton,MI,,USA,Alison,Found among many other Monarchs on my butterfly bush
AGAL698,2022-09-21T00:00:00Z,Ann Arbor,MI,,USA,Helen,Zinnia Garden
AGAN278,2022-10-01T00:00:00Z,Rochester Hills,MI,,USA,Thomas,Found on road in subdivision. Did not seem able to fly. Left on some nearby wild flowers.
AGAN736,2022-09-19T00:00:00Z,Royal Oak,MI,,USA,Tom,Found with a pack of them on water snow ball plant. It was a small one compare with the others.
AGAP157,2022-08-25T00:00:00Z,Taylor,MI,,USA,Amy,The monarch was landing on my zinnias all day.
AGAP208,2022-08-28T00:00:00Z,london,OH,,USA,elizabeth,NA
AGAP208,2022-08-28T00:00:00Z,London,OH,,USA,Misty,On our butterfly bush
AGAP277,2022-08-18T00:00:00Z,Brighton Township,MI,,USA,Mary,I found in my front yard on grass; decided it was deceased and when turned it over saw tag
AGAR108,2022-08-22T00:00:00Z,Midland,MI,,USA,Kay,Butterfly bush in the front yard.
AGAT569,2022-09-02T00:00:00Z,Traverse City,MI,,USA,Jessica,Monarch was mating I think.
AGAT569,2022-09-04T00:00:00Z,traverse City,MI,,USA,George,Was Mating
AGAT569,2022-09-09T00:00:00Z,Traverse City,MI,,USA,Brad,Dead in flowerbed
AGAT573,2022-08-26T00:00:00Z,Traverse city,MI,,USA,April,"At botanic garden, traverse city, MI 1490 Red Dr."
AGAT586,2022-09-20T00:00:00Z,St. Ignace,MI,,USA,Amber,NA
AGAT588,2022-09-20T00:00:00Z,St Ignace,MI,,USA,Joan,NA
AGAT696,2022-09-23T00:00:00Z,Saint Ignace,MI,,USA,Joy,Was on the side walk moving ver slow. Did not fly but still alive
AGAU070,2022-09-20T00:00:00Z,MACKINAW CITY,MI,,USA,Marguerite,"Bridgeview Park in Mackinaw City, Michigan"
AGAU070,2022-09-20T00:00:00Z,St. Ignace,MI,,USA,Amber,"Was found at Bridge View Park, there was another with it but untagged"
AGAX328,2022-08-15T00:00:00Z,Algonquin,IL,,USA,NA,Looked new and was vigorous
AGAX330,2022-08-17T00:00:00Z,Clare,IL,,USA,Jack,She was mated. They were perched higher top a compass plant.
AGAX363,2022-08-17T00:00:00Z,Burlington,WI,,USA,Angela,NA
AGAX578,2022-08-13T00:00:00Z,Milwaukee,WI,,USA,Luke,On a thistle
AGAX704,2022-08-29T00:00:00Z,Milwaukee,WI,,USA,Katie,Found on a bush in my parents front yard
AGAX704,2022-08-29T00:00:00Z,MILWAUKEE,WI,,USA,KATIE,NA
AGAX810,2022-09-05T00:00:00Z,Whitefish Bay,WI,,USA,Jack,NA
AGAX883,2022-09-01T00:00:00Z,Milwaukee,WI,,USA,John,NA
AGAY688,2022-08-22T00:00:00Z,Fort Atkinson,WI,,USA,Linda,Hovering over the flowers
AGBA262,2022-10-22T00:00:00Z,Madison,WI,,USA,Dave,NA
AGBA262,2022-10-22T00:00:00Z,Madison,WI,,USA,Kevin,Olbrich Botanical Garden
AGBA262,2022-10-22T00:00:00Z,Madison,WI,,USA,Lindsey,Nectaring at Olbrich Gardens
AGBA849,2022-09-07T00:00:00Z,Sun Prairie,WI,,USA,Jacqueline,"Yard, on blazingstar"
AGBB173,2022-08-29T00:00:00Z,River Falls,WI,,USA,Betty,Near Lake George/Kinnickinnic River
AGBB173,2022-08-29T00:00:00Z,River Falls,WI,,USA,Betty,Around Lake George
AGBB396,2022-08-28T00:00:00Z,Rochester,MN,,USA,Joanna,NA
AGBB396,2022-08-28T00:00:00Z,Rochester,MN,,USA,Robin,"Female. Found feeding on wildflowers at Cascade Lake Park in Rochester, MN"
AGBB526,2022-09-07T00:00:00Z,River Falls,WI,,USA,Amanda,"Working on an organic berry farm. Found fluttering in the zinnia patch, near the sunflower patch and pumpkin patch. Thought it was a Chiquita banana sticker for a second!"
AGBE858,2022-08-29T00:00:00Z,Fond du Lac,WI,,USA,Deb,It came around a couple times today
AGBG478,2022-08-14T00:00:00Z,Sioux Falls,SD,,USA,London,NA
AGBH029,2022-09-09T00:00:00Z,Virginia beach,VA,,USA,Kristen,"Found on the ground, dmoved to flowers in the shade. Did not seem in the best health"
AGBH591,2022-09-03T00:00:00Z,New London,CT,,USA,Danielle,"Mitchell Woods path near Ocean Avenue, New London, CT"
AGBH595,2022-08-25T00:00:00Z,Narragansett,RI,,USA,Denise,"Near the Shoreline, in the tall greenery and path to the ocean...just beyond Aunt Carrie's Restaurant Narragansett RI"
AGBL052,2022-09-04T00:00:00Z,Falmouth,MA,,USA,Stacey,On my butterfly bush in my yard.
AGBL060,2022-09-27T00:00:00Z,Falmouth,MA,,USA,Stacey,2nd one found this season on my butterfly bush
AGBL300,2022-09-16T00:00:00Z,Barnstable,MA,,USA,Lisa,"It was alive, had a broken wing and eventually died"
AGBL597,2022-09-30T00:00:00Z,Hyannis,MA,,USA,Tony,NA
AGBL730,2022-09-08T00:00:00Z,Harwich port,MA,,USA,NA,NA
AGBL753,2022-08-19T00:00:00Z,Cape Cod,MA,,USA,Dustin,NA
AGBL824,2022-09-18T00:00:00Z,Mashpee,MA,,USA,Paul,Alive and well feeding on our zinnias out front!
AGBL828,2022-09-18T00:00:00Z,BARNSTABLE,MA,,USA,Kira,NA
AGBM126,2022-09-23T00:00:00Z,Portsmouth,RI,,USA,Kathy,He was feeding on my zinnias.
AGBN715,2022-08-18T00:00:00Z,Townsend,MA,,USA,Lana,Drinking from flowers of common boneset by a marsh
AGBN881,2022-09-17T00:00:00Z,Lavalette,NJ,,USA,Katherine,"Found on driveway of rental home I’m at. Very lethargic, gave some Gatorade on a paper towel. Unsure if he will make it."
AGBP025,2022-09-20T00:00:00Z,Long Valley,NJ,,USA,Renee,it is injured and in a box in our garage
AGBP697,2022-09-11T00:00:00Z,New London,NH,,USA,Vicki,It was in a field of wildflowers. It looked whole and healthy. I was unable to tell if was male female.
AGBP978,2022-08-16T00:00:00Z,Ogunquit,ME,,USA,Buddy,NA
AGBR818,2022-10-07T00:00:00Z,Stone Harbor,NJ,,USA,Margaret,Feeding at Stone Harbor Point with a group of other monarchs.
AGBS458,2022-08-21T00:00:00Z,Cromwell,CT,,USA,Elizabeth,The monarch has been visiting my blazing star liatris with frequency. There have also been unmarked monarchs.
AGBT407,2022-09-13T00:00:00Z,North Haven,CT,,USA,Amanda,in my flower garden (on sedum plants)
AGBT453,2022-09-25T00:00:00Z,Branford,CT,,USA,Katie,NA
AGBT695,2022-09-19T00:00:00Z,Massapequa,NY,,USA,Helen,On our zinnia patch infront of our home
AGBU226,2022-09-08T00:00:00Z,Point Pleasant,NJ,,USA,Aarika,NA
AGBU437,2022-09-14T00:00:00Z,Bloomfield,NJ,,USA,Susan,The monarch was nectaring on Rudbeckia maxima
AGBW316,2022-08-23T00:00:00Z,NYC,NY,,USA,IRWIN,"Seen at The Shakespeare Garden in Central Park, NYC"
AGBW330,2022-08-24T00:00:00Z,Leonia,NJ,,USA,Don,"Butterfly was seen at the Bergen County Audubon Butterfly garden, nectaring on swamp milkweed"
AGBW403,2022-09-05T00:00:00Z,Saltaire,NY,,USA,Kenneth,NA
AGBW403,2022-09-05T00:00:00Z,Saltaire Fire Island,NY,,USA,Nathaniel,NA
AGBW426,2022-09-02T00:00:00Z,Leonia,NJ,,USA,David,In grass wings closed
AGBX868,2022-10-08T00:00:00Z,Cape May Point,NJ,,USA,Genny,Found nectaring in good condition
AGBX948,2022-10-16T00:00:00Z,Wildwood Crest,NJ,,USA,Patti,"I'm right before the butterflies get to Cape May NJ, which is a stop over for them before they cross the Delaware Bay. I have a large butterfly bush which attracts many monarchs."
AGBY806,2022-09-10T00:00:00Z,Hopewell Twp,NJ,,USA,C,Mercer County Master Gardens
AGBZ273,2022-10-11T00:00:00Z,New York,NY,,USA,George,Heather Gardens in Fort Tryon Park
AGBZ273,2022-10-11T00:00:00Z,New York,NY,,USA,David,"Heather Garden, Fort Tryon Park"
AGBZ591,2022-09-03T00:00:00Z,New York City,NY,,USA,Brian,NA
AGCA024,2022-08-14T00:00:00Z,Belford,NJ,,USA,Erica,"Monmouth Co NJ, on our butterfly bush"
AGCA180,2022-08-15T00:00:00Z,Port Washington,NY,,USA,Chris,Feeding on coneflower
AGCA207,2022-08-20T00:00:00Z,Port Washington,NY,,USA,Vincent,NA
AGCA324,2022-08-20T00:00:00Z,BROOKLYN,NY,,USA,FRANK,BACKYARD IN MY GARDEN
AGCA475,2022-08-29T00:00:00Z,New York,NY,,USA,Sandra,"In a public park called Rockefeller Park in Battery Park City, NY. It was nectaring on zinnia"
AGCA669,2022-08-26T00:00:00Z,New York City,NY,,USA,Edward,Feeding on my sunflowers
AGCB163,2022-09-05T00:00:00Z,New York City,NY,,USA,Amber,NA
AGCB313,2022-09-03T00:00:00Z,Brooklyn,NY,,USA,Kathryn,Eaten by praying mantis in a butterfly bush
AGCB392,2022-09-04T00:00:00Z,Dix Hills,NY,,USA,Jody,This monarch was nectaring on my butterfly bush in my back yard.
AGCB451,2022-09-04T00:00:00Z,Port washington,NY,,USA,WILLIAM,NA
AGCB492,2022-09-05T00:00:00Z,Port Washington,NY,,USA,R,NA
AGCC133,2022-09-16T00:00:00Z,EGG HARBOR CITY,NJ,,USA,JODI,NA
AGCC290,2022-09-17T00:00:00Z,Brooklyn,NY,,USA,Bill,"Brooklyn bridge park, pier 4"
AGCC850,2022-08-28T00:00:00Z,Bayside,NY,,USA,Dai Rong,Back Yard
AGCE196,2022-09-13T00:00:00Z,Brooklyn,NY,,USA,Douglas,Wildflower Meadow on Pier 6 at Brooklyn Bridge Park
AGCE201,2022-09-13T00:00:00Z,New York,NY,,USA,NA,NA
AGCE312,2022-09-15T00:00:00Z,"Davis Park, Fire Island",NY,,USA,Marie,NA
AGCE528,2022-09-05T00:00:00Z,Middle village,NY,,USA,Liz,At my back door
AGCH789,2022-09-21T00:00:00Z,Watertown,NY,,USA,Shannon,The tag was placed incorrectly and the monarch had trouble flying.
AGCL276,2022-09-10T00:00:00Z,LAKESIDE-MARBLEHEAD,OH,,USA,Carol,Spotted with several other monarchs among the goldenrod in the fields around a protected marsh area within a mile of the southern Lake Erie shoreline.
AGCM268,2022-09-09T00:00:00Z,Getzville,NY,,USA,Karen,NA
AGCN293,2022-10-15T00:00:00Z,Cades Cove,TN,,USA,Sarah,"I know we check M/F and wrote it on the notes for Tremont, but I don't have those notes... sorry!
 
 It was the first Monarch caught while we were tagging today."
AGCN892,2022-09-07T00:00:00Z,Pittsburgh,PA,,USA,Matthew,Hanging out in my front yard.
AGCP012,2022-09-18T00:00:00Z,Pittsburgh,PA,,USA,K.,It was feeding on a butterfly bush in my yard.
AGCR063,2022-09-16T00:00:00Z,Bolivar,OH,,USA,Paula,In our garden on our beautiful zinnias . Another monarch came by but it wasn’t tagged.
AGCS378,2022-08-19T00:00:00Z,Erie,PA,,USA,Colleen,On a Mexican Sunflower bloom in my yard
AGCS395,2022-09-09T00:00:00Z,Fairview Park,OH,,USA,Patricia,In our backyard on Zinnia flowers
AGCT730,2022-08-29T00:00:00Z,Swannanoa,NC,,USA,Karl,It was juicing up on our Tithonia. Happily hanging out in the garden.
AGCT993,2022-09-09T00:00:00Z,Erie,PA,,USA,Jerry,Nectaring on Buddleia in my backyard
AGCX167,2022-08-19T00:00:00Z,Erie,PA,,USA,Kim,On my hydrangea bush
AGCX806,2022-09-28T00:00:00Z,Luthersburg,PA,,USA,Lauren,I found it laying on my grandma’s driveway. It is sadly deceased.
AGCY743,2022-09-05T00:00:00Z,Wyomissing,PA,,USA,Jan,"It was fluttering around our anise hyssop, landing and feeding. It then landed on nearby strawflowers."
AGCZ402,2022-09-18T00:00:00Z,Harrisburg,PA,,USA,Chris,Enjoying a hydrangea bloom at the nature preserve in Wildwood Park
AGEA778,2022-11-08T00:00:00Z,Missouri city,TX,,USA,Karen,Found eating on my milkweed flowers
AGEC132,2022-10-06T00:00:00Z,Nazareth,PA,,USA,Patricia,The flowers by my front porch
AGEC492,2022-09-09T00:00:00Z,Nazareth,PA,,USA,Jeff,Jacobsburg State Park - Homestead Trail near large power line cut
AGEG510,2022-08-30T00:00:00Z,Chesapeake City,MD,,USA,Vicki,Feeding on Mexican sunflower
AGEH378,2022-08-21T00:00:00Z,Mohnton,PA,,USA,Cyndie,It’s on our butterfly bush by our side porch
AGEH402,2022-09-27T00:00:00Z,CHRISTIANA,PA,,USA,Bill,butterfly bush in residential yard
AGEJ011,2022-09-21T00:00:00Z,Delaware,OH,,USA,Abby,Backyard on Asters
AGEJ696,2022-09-05T00:00:00Z,Worthington,OH,,USA,Jana,"Flying around my house from flower to flower, mainly zinnias."
AGEJ707,2022-09-16T00:00:00Z,Westerville,OH,,USA,Catherine,Found at Blendon Woods Metropark
AGEM107,2022-09-18T00:00:00Z,Toledo,OH,,USA,Cindy,Feeding on my flowers
AGEM161,2022-10-12T00:00:00Z,Maumee,OH,,USA,Jake,Found with wound on abdomen
AGEM748,2022-10-16T00:00:00Z,Texas City,TX,,USA,Amanda,NA
AGEP187,2022-09-03T00:00:00Z,North Ridgeville,OH,,USA,NA,This butterfly and other butterflies frequent my neighbor’s butterfly bush in his front yard.
AGEP472,2022-09-08T00:00:00Z,Mentor,OH,,USA,Elsie,Found at Headlans State Park
AGET310,2022-09-10T00:00:00Z,Middleburg Heights,OH,,USA,Justin,NA
AGET333,2022-09-03T00:00:00Z,Akron,OH,,USA,Sharon,NA
AGET339,2022-09-10T00:00:00Z,Fairlawn,OH,,USA,Mark,NA
AGEU788,2022-09-14T00:00:00Z,Cleveland,OH,,USA,Candy,"A woman named Denise Hofelich photographed it in a roost at Wendy Park on the shore of Lake Erie and reported it on the Cleveland Metroparks Facebook page. I am hoping it was not tagged locally, and came from Canada across Lake Erie."
AGEU824,2022-09-15T00:00:00Z,Cleveland,OH,,USA,Isabel,Monarch photographed roosting in a tree at Wendy Park on the southern shore of Lake Erie.
AGEU929,2022-10-23T00:00:00Z,Logan,OH,,USA,dustin,NA
AGEW926,2022-09-20T00:00:00Z,Williamstown,KY,,USA,Beth,Enjoying the flowers at the Ark Encounter
AGEX815,2022-09-19T00:00:00Z,Cincinnati,OH,,USA,Debbie,"It was a nice specimen found in Ault Park, Cincinnati."
AGEY605,2022-11-10T00:00:00Z,Decherd,TN,,USA,Haley,I was taking my dog outside and the monarch was on my mum flowers on the porch.
AGGB696,2022-09-07T00:00:00Z,Lasalle,QC,,CAN,Dominika,The Monarch was flying above my flowers in my garden!
AGGC835,2022-10-10T00:00:00Z,Point Clear,AL,,USA,Brian,"The Grand hotel, Point Clear, Alabama. With hundreds of other migrants. Caught it while tagging other monarchs."
AGGE976,2022-09-20T00:00:00Z,Waterloo,ON,,CAN,Denise,This beautiful butterfly came to feast on my butterfly bush.
AGGG325,2022-08-27T00:00:00Z,pensacola,FL,,USA,jack,on a milkweed
AGGG325,2022-09-08T00:00:00Z,Bondurant,IA,,USA,Shannon,NA
AGGG487,2022-08-14T00:00:00Z,Amesbury,MA,,USA,Lucy,"In my garden, on a Butterfly Bush"
AGGG525,2022-08-21T00:00:00Z,Old Saybrook,CT,,USA,Heather,It was on our butterfly bush!
AGGG525,2022-08-26T00:00:00Z,Medford,NY,,USA,Ashley,In our yard on a torch/Mexican sunflower
AGGG595,2022-09-05T00:00:00Z,Shelter Island,NY,,USA,Juliette,Found underneath a butterfly bush next to front porch.
AGGG668,2022-09-15T00:00:00Z,Kennebunkport,ME,,USA,Denise,On a butterfly bush in my garden -semi- rural area.
AGGG686,2022-09-28T00:00:00Z,York Harbor,ME,,USA,Molly,NA
AGGG687,2022-09-28T00:00:00Z,York,ME,,USA,Molly,We found this monarch on a property in York Harbor among 7 other monarchs (no tags) it was on a butterfly bush.
AGGH207,2022-09-02T00:00:00Z,Bethel,ME,,USA,NA,NA
AGGJ153,2022-09-11T00:00:00Z,Naushon Island,MA,,USA,Alice,NA
AGGJ907,2022-09-18T00:00:00Z,Edina,MN,,USA,Spencer,5609 Hillside Ct on zinnias
AGGL058,2022-09-10T00:00:00Z,Chaska,MN,,USA,Cara,NA
AGGL199,2022-08-27T00:00:00Z,Maple Grove,MN,,USA,Monica,NA
AGGL538,2022-08-14T00:00:00Z,Victoria,MN,,USA,Angela,In our garden
AGGL565,2022-09-01T00:00:00Z,CHASKA,MN,,USA,Josh,NA
AGGL580,2022-08-23T00:00:00Z,Victoria,MN,,USA,Francie,Central Minnesota in my yard on Blazing Star
AGGL580,2022-08-23T00:00:00Z,VICTORIA,MN,,USA,FRANCIE,NA
AGGL584,2022-08-24T00:00:00Z,Victoria,MN,,USA,Francie,NA
AGGL584,2022-08-24T00:00:00Z,VICTORIA,MN,,USA,FRANCIE,NA
AGGL595,2022-08-29T00:00:00Z,VICTORIA,MN,,USA,FRANCIE,NA
AGGL601,2022-08-31T00:00:00Z,Chaska,MN,,USA,FRANCIE,NA
AGGL614,2022-09-05T00:00:00Z,VICTORIA,MN,,USA,FRANCIE,NA
AGGL615,2022-09-05T00:00:00Z,Victoria,MN,,USA,FRANCIE,NA
AGGL620,2022-09-05T00:00:00Z,Victoria,MN,,USA,FRANCIE,I have seen seven tagged Monarchs since August 23. Today I seen three in one afternoon
AGGL623,2022-09-05T00:00:00Z,Victoria,MN,,USA,FRANCIE,NA
AGGN378,2022-08-26T00:00:00Z,Lewes,DE,,USA,Ginger,NA
AGGN425,2022-09-13T00:00:00Z,Lewes,DE,,USA,Laura,It was enjoying Joe Pye weed and agastache at our nursery.
AGGP602,2022-08-23T00:00:00Z,Laurel,MD,,USA,Kate,At the National Wildlife Visitor Center in Patuxent Research Refuge
AGGP618,2022-08-28T00:00:00Z,Laurel,MD,,USA,John,"Seen at Patuxent Research Refuge, near the visitor center."
AGGP619,2022-09-04T00:00:00Z,Laurel,MD,,USA,William,Right Side of the Patuxent Wildlife Preserve Parking Lot
AGGP625,2022-08-23T00:00:00Z,Beltsville,MD,,USA,kevin,was photographed at Patuxent NWR south tract flew away on its journey
AGGP672,2022-08-24T00:00:00Z,Silver Spring,MD,,USA,Kathleen,Perfect condition. Found on pokeweed. I have milkweed in my yard
AGGP679,2022-09-04T00:00:00Z,Arlington,VA,,USA,MAILAN,She was hanging around enjoying our butterfly bush
AGGP679,2022-09-05T00:00:00Z,Arlington,VA,,USA,Tara,NA
AGGP750,2022-08-25T00:00:00Z,Washington,DC,,USA,Elizabeth,Found in garden falling over at night. By morning it was dead.
AGGS853,2022-09-26T00:00:00Z,Ashland City,TN,,USA,James,NA
AGGT191,2022-09-13T00:00:00Z,Baltimore,MD,,USA,Scott,NA
AGGT381,2022-09-22T00:00:00Z,Sykesville,MD,,USA,Kathleen,NA
AGGU001,2022-08-21T00:00:00Z,Towson,MD,,USA,Jen,Cromwell Valley Park
AGGW327,2022-08-25T00:00:00Z,Johnstown,PA,,USA,Kara,It was found on a wall outside my garage
AGGX231,2022-10-07T00:00:00Z,Fredericksburg,VA,,USA,Catherine,"It was enjoying my zinnias. I took many pics of it. Wings were beautiful! She didn't like me getting too close, and most monarchs don't mind!"
AGGX421,2022-09-15T00:00:00Z,Salisbury,MD,,USA,Annetta,"She was feeding in my front yard, on a flowering bush."
AGGX797,2022-09-26T00:00:00Z,West Springfield,VA,,USA,Jose,Dead on the backyard.
AGGX806,2022-10-06T00:00:00Z,Springfield,VA,,USA,Bill,Feeding on a flowering plant in my front yard.
AGGY387,2022-12-12T00:00:00Z,LAKE WALES,FL,,USA,BRAD,I photographed this one at Bok Tower Gardens 12/12/2022.
AGGY388,2023-01-18T00:00:00Z,Lake Wales,FL,,USA,Donny,Bok Tower Gardens
AGGY390,2022-12-11T00:00:00Z,Lale Whales,FL,,USA,Maria,Bok tower
AGGY396,2022-12-10T00:00:00Z,Lake Wales,FL,,USA,Kenneth,I took a picture and noticed the tag I was at bok tower lake wales Florida
AGGY396,2022-12-14T00:00:00Z,Lake Wales,FL,,USA,Alexander,Found it at bok tower garden
AGGZ274,2022-10-16T00:00:00Z,Cape Charles,VA,,USA,Nicole,In the butterfly gardens at Kiptopeke state park
AGGZ299,2022-10-16T00:00:00Z,Cape Charles,VA,,USA,Amy,The beach at Kiptopeke State Park
AGGZ620,2022-10-14T00:00:00Z,Richmond,VA,,USA,Andrew,Found at Agecroft Hall & Gardens
AGGZ886,2022-11-02T00:00:00Z,Chesapeake,VA,,USA,Jonathan,On milkweed backyard/picture taken on basketball net
AGGZ909,2022-09-05T00:00:00Z,Chesapeake,VA,,USA,Eddie,Under the Butterfly BUsh
AGHA075,2022-08-26T00:00:00Z,Virginia Beach,VA,,USA,Donna,Foraging for nectar on zinnias
AGHA080,2022-09-02T00:00:00Z,Virginia Beach,VA,,USA,Desmond,"slight movement of antennae, legs curled Upside down in driveway. No damage visible"
AGHA081,2022-08-31T00:00:00Z,Virginia Beach,VA,,USA,Donna,Feeding on the zinnias in my front yard garden with other butterflies
AGHA136,2022-09-17T00:00:00Z,Virginia Beach,VA,,USA,Ross,Found in front yard. Based on state of the body (head and most of thorax missing) it has been deceased for several days or more.
AGHA433,2022-10-24T00:00:00Z,Norfolk,VA,,USA,Kirsty,NA
AGHA927,2022-11-06T00:00:00Z,NORFOLK,VA,,USA,Pat,Feeding on Mexican sunflowers in our garden
AGHB032,2022-09-07T00:00:00Z,Norfolk,VA,,USA,Stephanie,"Found dead at 1229 Manchester Ave, Norfolk VA 23508"
AGHB341,2022-08-31T00:00:00Z,Newport News,VA,,USA,James,It was seen In my flowers
AGHB351,2022-09-23T00:00:00Z,Newport News,VA,,USA,Allan,mate guarding with considerable wing damage (see photo) on the ground at the base of a clump of asclepius curavassica. The attached female was in good shape. no wing damage.
AGHC130,2022-09-10T00:00:00Z,Fort mill,SC,,USA,Rachel,NA
AGHG174,2022-09-14T00:00:00Z,Goshen,IN,,USA,Tracie,NA
AGHI051,2022-09-24T00:00:00Z,Ottumwa,IA,,USA,Kyle,In pollinator flowers planted this spring
AGHJ983,2022-09-10T00:00:00Z,Ames,IA,,USA,Estrella,NA
AGHM248,2022-09-19T00:00:00Z,Kuehn Conservation Area,IA,,USA,Brad,NA
AGHN165,2022-09-17T00:00:00Z,Iowa Falls,IA,,USA,Danielle,My brother in law had her in his yard but didn't know how to report!
AGHR500,2022-09-19T00:00:00Z,Hartley,IA,,USA,Sandra,back yard flower garden
AGHT852,2022-08-27T00:00:00Z,Cedar Rapids,IA,,USA,Troy,I found this butterfly on a flower in my backyard.
AGHU027,2022-10-07T00:00:00Z,Abilene,TX,,USA,Mia,I found it at my school
AGHU580,2022-09-29T00:00:00Z,Mediapolis,IA,,USA,Wally,Outside Mediapolis Community School
AGHU881,2022-08-19T00:00:00Z,Kalona,IA,,USA,Josh,NA
AGHW526,2022-08-24T00:00:00Z,Davenport,IA,,USA,Caroline,In my perennial flower and zinnia garden in my yard
AGHW532,2022-09-01T00:00:00Z,Davenport,IA,,USA,Caroline21,NA
AGHW966,2022-10-08T00:00:00Z,Farmers branch,TX,,USA,Kensley,Found in a community garden with hundreds of other monarchs. Their flower of choice Greg mist! Happy and healthy!
AGHY515,2022-09-19T00:00:00Z,Arlington Hts.,IL,,USA,Peter,"Very lucky to have spotted this one in my backyard, the sun was glistening off the tag. Thought it maybe one that I had tagged days ago, I have been tagging only 25 a year for the past 3-4 years. Very lucky to net this one and report it, always wanted to catch a tagged monarch."
AGHY573,2022-09-05T00:00:00Z,Crystal Lake,IL,,USA,KELLY,NA
AGHZ102,2022-09-09T00:00:00Z,Palatine,IL,,USA,Ellie,NA
AGHZ816,2022-09-07T00:00:00Z,Glen Ellyn Park District,IL,,USA,Stephen,Found in Ackerman Woods wetland.
AGIS876,2022-09-26T00:00:00Z,Huntington,WV,,USA,Sam,The monarch was on our butterfly bush.
AGIZ295,2022-11-04T00:00:00Z,Norfolk,VA,,USA,Mark,Found on the beach in Ocean View area of Norfolk Va
AGJA690,2022-09-05T00:00:00Z,Carroll,IA,,USA,NA,NA
AGJC030,2022-09-18T00:00:00Z,Lisle,IL,,USA,Marianne,NA
AGJC304,2022-09-29T00:00:00Z,Albertville,AL,,USA,Tanna,NA
AGJC404,2022-08-19T00:00:00Z,Chicago,IL,,USA,Jessica,Found in a community garden in Hyde Park
AGJE042,2022-10-06T00:00:00Z,Missouri City,TX,,USA,Nathaniel,We found the male butterfly in our backyard. When we found it we saw that it had a battered wing.
AGJH905,2022-08-30T00:00:00Z,Springfield,IL,,USA,KAREN,NA
AGJJ295,2022-09-15T00:00:00Z,Omaha,NE,,USA,Jeremy,Henry Doorly Zoo
AGJJ313,2022-09-15T00:00:00Z,Omaha,NE,,USA,Linda,Monarch was found at the Omaha NE Zoo
AGJL304,2022-10-05T00:00:00Z,Norfolk,NE,,USA,Connie,It was found near the base of a marigold flower that was in a flower bed.
AGJL775,2022-09-21T00:00:00Z,Colleyville,TX,,USA,Keith,NA
AGJL778,2022-09-24T00:00:00Z,Southlake,TX,,USA,Leigh,It was dead in a pollinator garden at Bob Jones Nature Center in Southlake Tx
AGJL784,2022-09-22T00:00:00Z,Grapevine,TX,,USA,Rachael,"My cat brought it into my apartment in Grapevine, TX"
AGJM043,2022-10-10T00:00:00Z,Macomb,MI,,USA,Tiffany,Wiegand Nursery… saw another tagged one too but couldn’t get the number
AGJM468,2022-08-27T00:00:00Z,Rochester,MI,,USA,Elizabeth,eating zinnias in my front yard
AGJN464,2022-09-19T00:00:00Z,Mason city,IA,,USA,NA,NA
AGJR071,2022-09-07T00:00:00Z,Oconomowoc,WI,,USA,Nick,NA
AGJR569,2022-09-29T00:00:00Z,Melrose Park,IL,,USA,Cheryl,Our monarch was found lying in the grass outside of Mannheim Middle School.
AGJS502,2022-08-28T00:00:00Z,Madison,WI,,USA,Judy,At UW Arboretum feeding on Joe Pye Weed
AGJT837,2022-09-18T00:00:00Z,Madison,WI,,USA,Megan,"On our patch of Tithonia, Mexican sunflower"
AGJX420,2022-09-26T00:00:00Z,Norman,OK,,USA,Clellie,It was found dead beside the walking path around our small lake
AGJY033,2022-09-01T00:00:00Z,Winnipeg,MB,,CAN,LORI,NA
AGJY131,2022-10-04T00:00:00Z,Biddeford,ME,,USA,Ashley,"I saved him out of my pool, he was floating-he’s now safe drying his wings"
AGJY905,2022-08-28T00:00:00Z,St. Clair shores,MI,,USA,Paul,Front bushes of our house
AGJY938,2022-09-02T00:00:00Z,Saint Clair shores,MI,,USA,Jonessa,In our flower garden
AGJY938,2022-09-02T00:00:00Z,Saint Clair Shores,MI,,USA,JONESSA,NA
AGJZ943,2022-08-26T00:00:00Z,Manistee,MI,,USA,Kelley,Orchard Beach State Park Campground.
AGLA056,2022-09-06T00:00:00Z,Wilmette,IL,,USA,Kim,We have a monarch garden at our school
AGLA584,2022-09-19T00:00:00Z,Mequon,WI,,USA,Ben,NA
AGLA884,2022-10-17T00:00:00Z,Crystal lake,IL,,USA,William,The cold weather grounded this one.Its alive but can't move well due to the temperature.
AGLG149,2022-09-05T00:00:00Z,Boscobel,WI,,USA,Kay,It was on my zinnias in my yard
AGLH673,2022-10-16T00:00:00Z,Rock Hill,NC,,USA,Michael,Fountain Park
AGLI305,2022-09-01T00:00:00Z,Natick,MA,,USA,Stephanie,Bacon Street Natick Ma
AGLJ104,2022-08-27T00:00:00Z,Worcester,MA,,USA,Yojaira,NA
AGLJ470,2022-08-28T00:00:00Z,Glen Cove,NY,,USA,Wayne,"We spotted it on our Butterfly bush in our garden here in Glen Cove, NY (Long Island)"
AGLJ853,2022-08-24T00:00:00Z,Sandwich,MA,,USA,IRIS,NA
AGLJ855,2022-08-26T00:00:00Z,East Falmouth,MA,,USA,Sara,"Backyard of address listed above, loving the butterfly bush that we have, looked very healthy and relatively young"
AGLL050,2022-08-31T00:00:00Z,West Yarmouth,MA,,USA,Jennifer,"It was found in my moms backyard, dead on the ground"
AGLN083,2022-08-28T00:00:00Z,waterford,CT,,USA,Karen,NA
AGLN514,2022-09-26T00:00:00Z,Madison,CT,,USA,Susan,Seen at Hammonasset Beach Staye Park butterfly garden on butterfly bush
AGLN522,2022-10-07T00:00:00Z,Madison,CT,,USA,Megan,Butterfly garden at Hammonasset
AGLN537,2022-10-12T00:00:00Z,Madison,CT,,USA,Sandy,Butterfly garden at Hammonasset State Park Madison CT
AGLN558,2022-09-27T00:00:00Z,Madison,CT,,USA,Lisa,Hammonasset Beach State Park by Willard's Island
AGLN827,2022-08-20T00:00:00Z,Wallingford,CT,,USA,Susan,Feeding on Lantana on Tammy Hill Rd
AGLN961,2022-09-11T00:00:00Z,Guilford,CT,,USA,Tony,"I only photographed this butterfly. He is alive and well, perhaps on his way home."
AGLN985,2022-09-12T00:00:00Z,Madison,CT,,USA,Matthew,Butterfly bush
AGLP028,2022-10-02T00:00:00Z,Madison,CT,,USA,NA,NA
AGLP526,2022-08-27T00:00:00Z,Mahopac,NY,,USA,Debra,NA
AGLR002,2022-08-21T00:00:00Z,North Haledon,NJ,,USA,Jon,On the ground
AGLR304,2022-09-12T00:00:00Z,Pompton Lakes,NJ,,USA,Michele,In backyard pollinator garden
AGLR404,2022-09-25T00:00:00Z,Bernardsville,NJ,,USA,Sera,I found it in the gutter while walking. See
AGLS110,2022-08-26T00:00:00Z,Manasquan,NJ,,USA,Gretchen,In my yard…actually flew into my back …
AGLS508,2022-09-15T00:00:00Z,Rockaway,NY,,USA,George,NA
AGLU232,2022-09-14T00:00:00Z,Jamesport,NY,,USA,Ashley,Garden center
AGLU401,2022-08-22T00:00:00Z,Halfmoon,NY,,USA,Hailey,In my garden bed
AGLU406,2022-08-22T00:00:00Z,Halfmoon,NY,,USA,Hailey,In my garden bed while setting up for a event
AGLW437,2022-09-24T00:00:00Z,Medford,NJ,,USA,Michelle,This butterfly was actively flying around our garden and sampling our zinnias.
AGLW765,2022-10-26T00:00:00Z,South Dartmouth,MA,,USA,Raechel,"I work at Russell’s Mills Flower Company and see monarch butterflies every day, this is the first I’ve seen a tagged one, This one was found in the dahlia flowers."
AGLX714,2022-09-10T00:00:00Z,Sandusky,OH,,USA,Mike,Caught feeding on Bonset flowers at Eagle Point MetroPark in Erie County
AGLXC33,2022-08-28T00:00:00Z,Tupper Lake,NY,,USA,Suzan,the WILD Center
AGLY203,2022-09-09T00:00:00Z,STERLING,NY,,USA,JIM,"Butterfly was feeding on goldenrod at the Sterling Nature Center, Sterling NY, northern Cayuga County on the shore of Lake Ontario."
AGLZ841,2022-08-21T00:00:00Z,Pittsburgh,PA,,USA,Susan,The monarch was drinking nectar from Zinnias in my garden
AGLZ871,2022-08-24T00:00:00Z,Pittsburgh,PA,,USA,Bernie,in Morningside. Found it at the base of a utility pole around 7am.
AGMA486,2022-08-27T00:00:00Z,Erie,PA,,USA,Joseph,Was with a group of four others on our liatris.
AGMB846,2022-09-04T00:00:00Z,Millersville,PA,,USA,Melissa,Landed on pool cover for a drink in back yard
AGMC529,2022-10-12T00:00:00Z,Jacksonville,FL,,USA,Corey,was resting on a fig tree
AGMC645,2022-10-15T00:00:00Z,Cape Charles,VA,,USA,Andrew,"Found here 37.16837° N, 75.98226° W"
AGMC653,2022-10-09T00:00:00Z,Cape May,NJ,,USA,Heather,We caught it with a net as it flew by
AGMC656,2022-10-09T00:00:00Z,Cape May,NJ,,USA,Heather,We caught it in the air with a net as it flew by.
AGMC738,2022-10-20T00:00:00Z,CAPE MAY POINT,NJ,,USA,greg,on butterfly bush
AGME651,2022-10-06T00:00:00Z,Maumee,OH,,USA,Anna,no tagging site
AGMH371,2022-10-23T00:00:00Z,Tybee Island,GA,,USA,Laura,It was feeding on yellow flowers on a hiking trail by Fort Pulaski. Right wing was damaged but flying fine from flower to flower.
AGMJ040,2022-09-08T00:00:00Z,Downingtown,PA,,USA,Rachael,NA
AGMJ096,2022-09-20T00:00:00Z,Coatesville,PA,,USA,Brianna,It was on some flowers
AGML006,2022-09-01T00:00:00Z,Kutztown,PA,,USA,Emily,Found on campus at Kutztown University of Pennsylvania on a pine tree near a wildflower garden/storm water basin
AGMM506,2022-11-05T00:00:00Z,Live Oak,FL,,USA,Theron,Monarch was feeding on our milkweed plants. There are also two monarch caterpillars on the same plant.
AGMN206,2022-09-27T00:00:00Z,Churchton,MD,,USA,Sue,Found on tropical milkweed by neighbor. Quite but morning is chilly
AGMP798,2022-09-22T00:00:00Z,Harrisonburg,VA,,USA,Emily,Right outside my house
AGMR095,2022-09-12T00:00:00Z,Virginia Beach,VA,,USA,Kelly,In my garden nectaring on Ironweed
AGMR383,2022-09-12T00:00:00Z,High point,NC,,USA,Emily,NA
AGMR527,2022-09-16T00:00:00Z,Virginia Beach,VA,,USA,Galina,"At the garden, feeding on a Zinnia flower"
AGMR536,2022-09-10T00:00:00Z,Virginia Beach,VA,,USA,Reese,On Lantana
AGMR543,2022-09-12T00:00:00Z,Virginia Beach,VA,,USA,Reese,"Va Beach, VA 23452 Saw AGMR 536 same place on 9/10/22"
AGMR754,2022-09-18T00:00:00Z,Suffolk,VA,,USA,Patricia,Found screened back porch
AGMR764,2022-09-17T00:00:00Z,Norfolk,VA,,USA,Deb,"It was at the Norfolk Botanical Gardens, near but outside the Butterfly House on purple coneflowers."
AGMR764,2022-09-17T00:00:00Z,Norfolk,VA,,USA,Isaiah,Found at Norfolk Botanical Gardens feeding on purple coneflower
AGMR800,2022-10-31T00:00:00Z,St. Augustine,FL,,USA,Christine,Found in my yard on Anastasia Island with Seaside Goldenrod in full bloom.
AGMS230,2022-08-24T00:00:00Z,Norfolk,VA,,USA,Rachel,In my front yard on my zinnias
AGMS302,2022-09-16T00:00:00Z,Yorktown,VA,,USA,Patricia,Butterfly had bright colors / no tears
AGMS753,2022-08-18T00:00:00Z,Lewisburg,WV,,USA,Sarah,Happily sipping nectar from phlox. Butterfly in great shape.
AGMT606,2022-09-25T00:00:00Z,Delaware,OH,,USA,STEFFANIE,Seen at Deer Haven Park
AGMW206,2022-09-27T00:00:00Z,Toledo,OH,,USA,Brad,Wildwood Metropark
AGMW344,2022-09-21T00:00:00Z,Temperance,MI,,USA,Lori,Front Yard
AGMW703,2022-09-13T00:00:00Z,Cleveland,OH,,USA,Anthony,Photographed in large clumps at Wendy Park along the shore of Lake Erie.
AGMX431,2022-09-11T00:00:00Z,Cleveland,OH,,USA,Mark,NA
AGMX736,2022-08-31T00:00:00Z,North Royalton,OH,,USA,JOSH,have tons of these flying around my garden with tons of babies flying around.. idk anything about butterflies but 4-5 monarchs always hang around my garden by the roses and zezimas I think they're called
AGMX758,2022-08-30T00:00:00Z,Shaker Heights,OH,,USA,NA,NA
AGMX837,2022-09-06T00:00:00Z,Shaker Heights,OH,,USA,NA,Sitting on my magnolia tree in the front yard on a rainy day
AGMX858,2022-09-03T00:00:00Z,University Heights,OH,,USA,Chris,Flirting with purple verbena
AGMX889,2022-09-21T00:00:00Z,Decatur,IN,,USA,Abigail,NA
AGMY504,2022-08-25T00:00:00Z,Akron,OH,,USA,Julie,He was on a flower in the Stan Hywet gardens.
AGMY766,2022-09-15T00:00:00Z,Medina,OH,,USA,Beverly,NA
AGMY828,2022-08-29T00:00:00Z,Tallmadge,OH,,USA,Ashleigh,NA
AGNA053,2022-08-27T00:00:00Z,Milford,OH,,USA,Shannon,In my backyard. I think it’s a male but not sure.
AGNA454,2022-09-26T00:00:00Z,Norris,TN,,USA,Monika,The monarch was on a butterfly bush at the Museum of Appalachia around 11:30 am. There was another butterfly on the bush (it was very raggedy).. I check out the bush every Monday when my husband plays music in a dulcimer band at the Museum. This was the first monarch I saw there this year. The last two years there only been a few. I did not see the tag until I downloaded my photo and enlarged it on my computer screen as part of a slideshow..
AGNA903,2022-09-17T00:00:00Z,Sidney,OH,,USA,Laura,On my butterfly bush in my back yard
AGNB952,2022-09-03T00:00:00Z,Westville,IN,,USA,NA,NA
AGNC018,2022-08-29T00:00:00Z,Elkhart,IN,,USA,Laura,I love when the butterflies are on my butterfly bush they are just amazing to watch
AGNC201,2022-09-09T00:00:00Z,Akron,IN,,USA,Ariel,"Found in town, in backyard with kids toys"
AGNE335,2022-09-11T00:00:00Z,Ames,IA,,USA,Teresa,NA
AGNH138,2022-10-03T00:00:00Z,Hamlin,TX,,USA,Steve,"my front yard, ants had it."
AGNX437,2022-09-13T00:00:00Z,Cleveland,OH,,USA,Roger,In a clump of 25 on the shores of Lake Erie
AGNZ701,2022-09-23T00:00:00Z,cary,IL,,USA,Michelle,wooded area in a neighborhood off of Cary Algonquin Road
AGPA241,2022-09-13T00:00:00Z,Grayslake,IL,,USA,Vicki,It was sitting on some flowers in my garden
AGPA478,2022-09-28T00:00:00Z,Mount Prospect,IL,,USA,Kate,She looked great! We saw her near our library.
AGPB201,2022-09-08T00:00:00Z,Glen Ellyn,IL,,USA,Matthew,"The monarch was fluttering between zinnia flowers, swamp milkweed, and some shrubs."
AGPC096,2022-09-01T00:00:00Z,Glen Ellyn,IL,,USA,Katherine,"Found two days in a row, same location on zinnia flowers"
AGPC217,2022-09-15T00:00:00Z,Orland Park,IL,,USA,Janis,He was a lively male. Drinking nectar from my Tithonia plant in my yard.
AGPC404,2022-08-31T00:00:00Z,Blue Island,IL,,USA,Sandy,Nectaring on a butterfly bush
AGPC465,2022-09-19T00:00:00Z,Omaha,NE,,USA,Jim,Lauritzen Gardens
AGPG101,2022-09-17T00:00:00Z,Springfield,IL,,USA,Marilyn,NA
AGPG746,2022-09-11T00:00:00Z,Omaha,NE,,USA,Kylee,At Heron Haven nature preserve
AGPG746,2022-09-14T00:00:00Z,Omaha,NE,,USA,Emil,NA
AGPG754,2022-08-25T00:00:00Z,lincoln UNL campus,NE,,USA,Melissa,"Feeding on Asclepias incarnata, with a non tagged monarch friend in the Backyard farmer garden on UNL east campus."
AGPG761,2022-09-15T00:00:00Z,Lincoln,NE,,USA,Cody,Captured while tagging others at NE Game and Parks Headquarters. Still looked good. OE sample taken.
AGPG826,2022-09-15T00:00:00Z,Omaha,NE,,USA,Carol,NA
AGPH053,2022-09-25T00:00:00Z,Keller,TX,,USA,Amy,"In garage , moved to back yard"
AGPH255,2022-09-20T00:00:00Z,Blair,NE,,USA,Todd,"Along a creek in Blair, Nebraska"
AGPH255,2022-10-11T00:00:00Z,blair,NE,,USA,Gabriel,NA
AGPH255,2022-10-12T00:00:00Z,BLAIR,NE,,USA,LISA,AT SCHOOL
AGPH255,2022-11-02T00:00:00Z,Blair,NE,,USA,Bethany,Found in a school butterfly/nature garden
AGPH475,2022-09-07T00:00:00Z,Clemson,SC,,USA,Kenneth,Found at SC Botanical Gardens
AGPH476,2022-09-06T00:00:00Z,Clemson,SC,,USA,Imtiaz,"Found in the South Carolina Botanical Gardens, Clemson, SC. Butterfly was on Ironweed plant along with a number of other untagged Monarchs."
AGPN340,2022-08-24T00:00:00Z,Sagamore Hills,OH,,USA,Suzanne,On my butterfly bush
AGPN906,2022-09-14T00:00:00Z,Garfield Heights,OH,,USA,Lori,In our backyard on ironweed
AGPP117,2022-09-22T00:00:00Z,Washington Township,OH,,USA,Kathern,We have a bunch of zinnias and milkweed in our backyard and front for the monarchs. This one was on a zinnia.
AGPP578,2022-09-18T00:00:00Z,Ann Arbor,MI,,USA,Heidi,NA
AGPR201,2022-09-16T00:00:00Z,Ames,IA,,USA,Linda,NA
AGPT878,2022-08-25T00:00:00Z,Bloomington,MN,,USA,Pat,"It was at the Minnesota Valley Wildlife Refuge in Bloomington, MN. I think it's a female, not sure."
AGPT929,2022-08-23T00:00:00Z,Bloomington,MN,,USA,Kim,"It was at the MN Valley Wildlife Refuge in Bloomington, MN. Looked in great shape! It was one of hundreds of monarchs that day!"
AGPU333,2022-09-16T00:00:00Z,Lombard,IL,,USA,Craig,It was sitting on my driveway this morning. I took a couple of pictures. It was gone when I came out later.
AGPW729,2022-11-02T00:00:00Z,Jupiter,FL,,USA,Karen,NA
AGPY040,2022-10-23T00:00:00Z,Kingsland,TX,,USA,Sherry,Found deceased on the ground near Lake LBJ in Kingsland TX after a storm
AGRB196,2022-09-17T00:00:00Z,CAYCE,SC,,USA,SKIP,NA
AGRB362,2022-09-21T00:00:00Z,new Bern,NC,,USA,Candice,NA
AGRE007,2022-10-18T00:00:00Z,Folly Beach,SC,,USA,Justin,Found on beach. Looked like right wing was broken/folded in half. Was alive when found
AGRG004,2022-10-04T00:00:00Z,Laramie,WV,,USA,Alexis,Found on the University of Wyoming campus
AGRG004,2022-10-05T00:00:00Z,Laramie,WV,,USA,Rob,"Found at the University of Wyoming near the Barry conservation center (the form does not have an option for WY as a state). There were about four others with her, but I only had a photo of her tag. All were grazing on Cirsium thistles."
AGRH654,2022-10-10T00:00:00Z,Winterville,GA,,USA,James,I believe the specimen was a male. Feeding on Butterfly Bush blossoms.
AGRL477,2022-08-31T00:00:00Z,Louisville,KY,,USA,William,Moving about in my back yard. I photographed it
AGRL532,2022-10-24T00:00:00Z,Louisville,KY,,USA,Jennie,"He or She flew right up to me when I was walking to my car to leave for work. I was looking at how beautiful it was when I noticed the sticker. So, when it finally landed in the front yard, I took a picture to see what the sticker was."
AGRL853,2022-10-07T00:00:00Z,Louisville,KY,,USA,Nick,found on a sidewalk next to a gas station at the intersection of Herr Lane and Brownsboro Rd
AGRM845,2022-10-15T00:00:00Z,Lexington,KY,,USA,Laura,We found this beautiful monarch on a bush outside of our house. It didn’t mind us taking pictures and even fluttered it’s wings at us. Looked like there was slight damage to the right wing.
AGRS162,2022-10-02T00:00:00Z,St Louis,MO,,USA,Lorre,At Soulard Garden Co-Op 2 butterflies mating both tagged
AGRS500,2022-09-18T00:00:00Z,saint Louis,MO,,USA,Ellis,Found at the forest park nature scape
AGRS852,2022-10-03T00:00:00Z,Enid,OK,,USA,Michelle,NA
AGRT206,2022-10-05T00:00:00Z,St louis,MO,,USA,Cheg,NA
AGRU527,2022-09-05T00:00:00Z,Webster Groves,MO,,USA,Sarah,NA
AGRU543,2022-09-12T00:00:00Z,Clayton,MO,,USA,Robert and Julia,He was feeding avidly on all four of our butterfly bushes. He was also fighting off other monarchs in the area!
AGRU956,2022-09-16T00:00:00Z,Olathe,KS,,USA,Heather,"This monarch was nectaring on a variety of plants, mostly butterfly bushes and other things in the pollinator gardens."
AGRW440,2022-09-17T00:00:00Z,Kansas City,MO,,USA,George,Ewing and Muriel Kauffman Memorial Garden
AGRX467,2022-11-03T00:00:00Z,Dixon,MO,,USA,DEBRA,NA
AGSA016,2022-10-02T00:00:00Z,Kansas City,MO,,USA,Alex,NA
AGSH854,2022-10-05T00:00:00Z,Frederick,OK,,USA,Melynda,Found monarch while collecting monarchs on a fall roost for tagging
AGSL950,2022-09-17T00:00:00Z,Macksville,KS,,USA,Tammy,Quivera wildlife
AGSL952,2022-09-17T00:00:00Z,Macksville,KS,,USA,Tammy,Quivera
AGSL955,2022-09-17T00:00:00Z,Macksville,KS,,USA,Tammy,NA
AGSL958,2022-09-17T00:00:00Z,Macksville,KS,,USA,Tammy,NA
AGSL986,2022-10-06T00:00:00Z,Stafford,KS,,USA,Rachel,It was captured on Quivira National Wildlife Refuge (on goldenrod) while tagging monarchs.
AGSM100,2022-09-17T00:00:00Z,Macksville,KS,,USA,Tammy,Quivera
AGSM907,2022-09-19T00:00:00Z,Thornton,CO,,USA,Mary,On my butterfly bush
AGSM913,2022-09-18T00:00:00Z,Thornton,CO,,USA,Laura,She was loving my red/orange dahlias
AGSN214,2022-09-03T00:00:00Z,Fort Collins,CO,,USA,Daniel,NA
AGSR114,2022-10-08T00:00:00Z,Sopchoppy,FL,,USA,Cathy,This butterfly was found feeding on wildflowers at the Ochlockonee River State Park.
AGSR926,2022-09-30T00:00:00Z,EVA,AL,,USA,Sandra,Found in my flower/milkweed garden feeding on sunflowers
AGSS225,2022-10-03T00:00:00Z,Pensacola,FL,,USA,Michelle,NA
AGSS285,2022-10-12T00:00:00Z,Fort Morgan,AL,,USA,Ron,NA
AGSS855,2022-10-06T00:00:00Z,Gulfport,MS,,USA,Bella,On ground near tree
AGST162,2022-11-12T00:00:00Z,Slidell,LA,,USA,BILL,Appears to be dying. It is one of our first cool mornings so not sure. Will watch when temperature comes up. But rain today.
AGST163,2022-11-06T00:00:00Z,Slidell,LA,,USA,BILL,Found mating on top of male. On Firebush close to my milkweed.
AGST163,2022-11-06T00:00:00Z,Slidell,LA,,USA,Bill,Mating at the time. She was on top of male.
AGST163,2022-11-13T00:00:00Z,Slidell,LA,,USA,BILL,2nd capture. still in area. still flying very well and healthy.
AGST720,2022-11-01T00:00:00Z,New orleans,LA,,USA,Vickie,"I have only spotted 3 on different days, at least 3 days apart"
AGST928,2022-09-20T00:00:00Z,Baton Rouge,LA,,USA,Wendra,NA
AGSW033,2022-09-03T00:00:00Z,Rockaway Park,NY,,USA,Justin,"The monarch was found at Tribute park in Rockaway nyc, and was feeding on some purple flowers."
AGSW226,2022-09-20T00:00:00Z,Canterbury,CT,,USA,Nila,NA
AGSW583,2022-09-22T00:00:00Z,Waterford,CT,,USA,Colette,NA
AGTA862,2022-08-29T00:00:00Z,Catonsville,MD,,USA,Brian,NA
AGTA968,2022-10-07T00:00:00Z,Lavale,MD,,USA,Christin,Found on ground. Little movement. Moved leaf it was on to bush and it briefly flew and returned to the same spot in the ground
AGTB196,2022-10-09T00:00:00Z,Cape May,NJ,,USA,Heather,NA
AGTB883,2022-10-16T00:00:00Z,Virginia Beach,VA,,USA,Kaitlyn,NA
AGTE476,2022-08-27T00:00:00Z,Delaware,OH,,USA,STEFFANIE,Looked happy on Common Milkweed and flew up to a tree. :)
AGTE493,2022-09-08T00:00:00Z,Plain City,OH,,USA,Douglas,on a tree near a clover field with perhaps hundreds of other monarchs.
AGTG250,2022-09-13T00:00:00Z,Cleveland,OH,,USA,Karen,Found at Wendy Park in Cleveland. The butterfly was hanging on a leak with a cluster of other butterflies.
AGTH293,2022-09-19T00:00:00Z,fishers,IN,,USA,dawn,On Mexican sunflower back yard
AGTH452,2022-09-03T00:00:00Z,Fraser,MI,,USA,REBECCA,NA
AGTH519,2022-09-15T00:00:00Z,Berkley,MI,,USA,Ashley,It was on a butterfly bush
AGTL337,2022-09-03T00:00:00Z,Hartford,WI,,USA,Jodi,She was on my zinnias
AGTL839,2022-09-08T00:00:00Z,Victoria,MN,,USA,Angela,NA
AGTL843,2022-08-08T00:00:00Z,Victoria,MN,,USA,Angela,NA
AGTL950,2022-08-28T00:00:00Z,Minneapolis,MN,,USA,Leesa,Feeding on an urban butterfly bush
AGTL964,2022-09-07T00:00:00Z,Chaska,MN,,USA,Lindsay,On some flowers outside of a downtown restaurant
AGTL964,2022-09-07T00:00:00Z,Chaska,MN,,USA,Daniella,NA
AGTL980,2022-10-23T00:00:00Z,East Bernard,TX,,USA,Janet,"Damaged wings, looked worn"
AGTM118,2022-09-02T00:00:00Z,Rochester,MN,,USA,Ed,Feeding on Zinnia flowers 5:30PM
AGTM123,2022-09-02T00:00:00Z,Rochester,MN,,USA,Carol,I saw it at my home sitting on a butterfly weed.
AGTN993,2022-09-14T00:00:00Z,Northampton,MA,,USA,Melissa,this butterfly was going to various flowers in my garden and looked healthy
AGTP039,2022-10-07T00:00:00Z,Leonardtown,MD,,USA,Erica,NA
AGTP330,2022-09-02T00:00:00Z,Hinesburg,VT,,USA,Amy,Found feeding in my neighbor’s flowerbed.
AGTP850,2022-09-27T00:00:00Z,Weaverville,NC,,USA,Aaron,NA
AGTP992,2022-10-15T00:00:00Z,Ellijay,GA,,USA,Meghan,NA
AGTR45,2022-10-11T00:00:00Z,Asheville,NC,,USA,Trudy,Mail truck apparently hit it.
AGTS242,2022-09-26T00:00:00Z,Stevensville,MD,,USA,Kacy,Found on my butterfly bush. Very active. Only stopped by for a sec.
AGTY039,2022-11-06T00:00:00Z,Cape May Point,PA,,USA,Peter,In a garden in cape May point
AGTY075,2022-10-12T00:00:00Z,Cape May Point,NJ,,USA,Ashley,Eating at a bush on Cape May Ave
AGTY250,2022-09-26T00:00:00Z,Cape May,NJ,,USA,Chris,Near Cape May Point by St. Peters Church.
AGTY448,2022-10-08T00:00:00Z,Cape May,NJ,,USA,Melissa,Feeding on a Butterfly Bush
AGTY513,2022-09-14T00:00:00Z,Cape May,NJ,,USA,Jeff,In my backyard with a wasp attached to it.
AGTY525,2022-09-21T00:00:00Z,cape may,NJ,,USA,Jean,NA
AGTY686,2022-10-09T00:00:00Z,Cape May,NJ,,USA,Heather,Caught it with the net as it flew by
AGTZ004,2022-09-14T00:00:00Z,Cape May Point,NJ,,USA,Sandy,NA
AGTZ010,2022-09-17T00:00:00Z,Cape May Point,NJ,,USA,Carrie,Resting on a dead branch of a very tall rose bush. Looked very worn but undamaged.
AGTZ011,2022-09-13T00:00:00Z,Cape May,NJ,,USA,Barbara,Adjacent to the Northwood Nature Centre lily pond in the garden of a residential home.
AGTZ045,2022-09-24T00:00:00Z,Cape May,NJ,,USA,Katherine,"Unfortunately the monarch couldn’t fly great. It looked wet with somewhat crimpled wings, almost like it just emerged from the cocoon. It was resting on a flower near the cape May lighthouse trails."
AGTZ051,2022-09-17T00:00:00Z,Cape May,NJ,,USA,Rebecca,"Found at Circle Park in Cape May, NJ"
AGTZ070,2022-09-20T00:00:00Z,Cape May,NJ,,USA,Claire,NA
AGTZ105,2022-09-24T00:00:00Z,Cape May,NJ,,USA,ELLEN,NA
AGTZ131,2022-10-05T00:00:00Z,Cape May Point,NJ,,USA,Liz,Eating on a butterfly bush
AGTZ196,2022-10-07T00:00:00Z,Milford,DE,,USA,Katie,Eating at a butterfly bush in my backyard.
AGTZ330,2022-10-22T00:00:00Z,Cape May Point,NJ,,USA,CATHERINE,cape may point near lighthouse
AGTZ378,2022-10-31T00:00:00Z,Cape May Point,NJ,,USA,Bob,Captured on Mexican sunflower in a garden in Cape May Point
AGUA952,2022-11-07T00:00:00Z,Cape Charles,VA,,USA,Andrew,"Tattered small male, flew away slowly 37.15910° N, 75.97695° W"
AGUB200,2022-09-25T00:00:00Z,Cape May Point,NJ,,USA,Donna,Found on a butterfly bush at St Peter’s by the Sea Church.
AGUB305,2022-10-09T00:00:00Z,Cape May,NJ,,USA,Heather,It was flying by and we caught it with a net.
AGUB372,2022-10-20T00:00:00Z,Cape May Point,NJ,,USA,greg,on butterfly weed
AGUE056,2022-10-13T00:00:00Z,Bryson Coty,NC,,USA,Whitney,"Found on the ground in Bryson City, NC. It has a damaged wing and missing it’s front leg. It doesn’t seem likely to survive."
AGUE724,2022-09-06T00:00:00Z,Sun Prairie,WI,,USA,Donna,Butterfly garden in my backyard
AGUG403,2022-10-12T00:00:00Z,Baton Rouge,LA,,USA,Becky,Found on milk weed plants
AGUJ003,2022-09-17T00:00:00Z,Gulf Breeze,FL,,USA,Stef,She was laying eggs on the milkweed in our garden :)
AGUJ016,2022-09-20T00:00:00Z,Gulf breeze,FL,,USA,Stefanie,This is the second female I’ve submitted a tag for :)
AGUJ477,2022-10-25T00:00:00Z,Lake Mary,FL,,USA,Meghan,The monarch was observed fluttering around three milkweed plants that I have an a planter on my back patio
AGUJ629,2022-10-31T00:00:00Z,Orlando,FL,,USA,chris,"The Monarch was in great shape and it was on my Jatropha podagrica
 Plant"
AGUL509,2022-10-13T00:00:00Z,Biscayne Park,FL,,USA,Sandi,I found the butterfly in our school butterfly garden.
AGUL513,2022-10-14T00:00:00Z,Miami,FL,,USA,Laila,The Monarch was found on a door to a classroom.
AGUP328,2022-09-09T00:00:00Z,Winter Haven,FL,,USA,Meredith,I went to take a picture of my daughter with it and thought it had gotten a trash sticker (like a banana) sticker on it but was so excited to see the tracking numbers on it! It actually let me catch it (I was careful!) and it flew away and enjoyed more wildflowers! :)
AGUP492,2022-09-14T00:00:00Z,Port Charlotte,FL,,USA,Daniel,Side of the rd dead
AGUP623,2022-12-31T00:00:00Z,Port Charlotte,FL,,USA,Emilio,I found it on the flood in my fathers backyard it was not moving to much
AGUR030,2022-11-16T00:00:00Z,Bradenton,FL,,USA,Elena,I hope it's not the tagging that killed the butterfly. My kids were concerned and wanted to call 911:-) 6yo. We brought it home.
AGUS297,2022-12-17T00:00:00Z,Hickory Creek,TX,,USA,Kelly,"While cleaning out a perennial bed in the backyard. How can I find out where the butterfly was released? Totally unrelated, KU Class of 1984."
AGUT090,2022-11-09T00:00:00Z,Hagerman NWR Pottsburo,TX,,USA,Allen,Hagerman Wildlife Refuge North Texas
AGUT717,2022-11-02T00:00:00Z,Waxahachie,TX,,USA,Breanna,Right wing segments badly damaged and curling. Found in the butterfly Garden near Wagsahachie Dog Park.
AGUT724,2022-11-02T00:00:00Z,Waxahachie,TX,,USA,Breanna,She was loving life in the Butterfly Garden near Wagsahachie Dog Park
AGUT727,2022-11-02T00:00:00Z,Waxahachie,TX,,USA,Breanna,Very active. Found in the Butterfly Garden near Wagsahachie Dog Park.
AGUT730,2022-11-02T00:00:00Z,Waxahachie,TX,,USA,Breanna,Loving life in the Butterfly Garden near Wagshachie Dog Park
AGUT734,2022-11-02T00:00:00Z,Waxahachie,TX,,USA,Breanna,"He was pretty tattered. The edges of his wings were severely damaged and see-through. He wasn't flying, just climbing around on the plants. We saw him in the butterfly garden near the Wagsahachie Dog Park."
AGUU393,2022-10-12T00:00:00Z,Dallas,TX,,USA,Blair,NA
AGUU755,2022-10-08T00:00:00Z,Farmers branch,TX,,USA,Kensley,Monarch was hanging out with 3 of their friends eating from some milkweed. It was happy and alive!
AGUX054,2022-10-10T00:00:00Z,Hurst,TX,,USA,Teresa,NA
AGUX689,2022-10-15T00:00:00Z,Grapevine,TX,,USA,Tammy,Feeding on Gregg’s mistflower
AGUX961,2022-10-15T00:00:00Z,Grapevine,TX,,USA,Luke,NA
AGUY084,2022-10-15T00:00:00Z,Grapevine,TX,,USA,Hunter,Found in a local park
AGUY139,2022-10-15T00:00:00Z,Grapevine,TX,,USA,Angie,found on penta at grapevine botanical garden
AGUY692,2022-10-15T00:00:00Z,Southlake,TX,,USA,Chris,Found inside Bob Jones Nature Center & Preserve
AGUY939,2022-10-11T00:00:00Z,Corinth,TX,,USA,Lori,NA
AGUZ100,2022-10-01T00:00:00Z,Wichita Falls,TX,,USA,Megan,NA
AGUZ575,2022-10-01T00:00:00Z,Wichita Falls,TX,,USA,LYNN,NA
AGW016,2022-09-20T00:00:00Z,Milwaukee,WI,,USA,Mark,NA
AGWE002,2022-10-14T00:00:00Z,Houston,TX,,USA,Joshua,Found at the Houston Zoo
AGWE002,2022-10-15T00:00:00Z,Houston,TX,,USA,McKay,Found on milkweed at the Houston Zoo
AGWE003,2022-10-15T00:00:00Z,Houston,TX,,USA,Sara,Outside the Houston zoo
AGWE007,2022-11-09T00:00:00Z,Houston,TX,,USA,Christine,On mist flowers at the alligator exhibit at the Houston Zoo
AGWE007,2022-11-29T00:00:00Z,Houston,TX,,USA,Judi,This monarch was found in one of the pollinator gardens at the Houston Zoo. It flew away shortly after taking the photograph.
AGWE287,2022-11-13T00:00:00Z,Houston,TX,,USA,Judy,"Found in our back yard. It is very weak, unable to fly."
AGWE426,2022-10-23T00:00:00Z,Houston,TX,,USA,Alex,NA
AGWG176,2022-10-03T00:00:00Z,Missouri City,TX,,USA,OPAL,NA
AGWG182,2022-10-19T00:00:00Z,Missouri City,TX,,USA,Alice,"I didn't realize it was already tagged, and I tagged it myself on 10/19 (AGJE000), just FYI. It has remained in my yard since then, and I just noticed the AGWG182 tag today (10/25)."
AGWG196,2022-11-11T00:00:00Z,Missouri city,TX,,USA,Karen,Found eatting on milkweed flowers and depositing eggs on milkweed
AGWG199,2022-11-09T00:00:00Z,Missouri City,TX,,USA,Alice,Nectaring on zinnia
AGWG201,2022-11-11T00:00:00Z,Missouri City,TX,,USA,Alice,"This is the fourth in the AGWG series I've found and reported. Large, healthy female -- forewing length = 5.1 cm"
AGWG225,2022-12-08T00:00:00Z,Missouri City,TX,,USA,Alice,"Nectaring on lantana in my backyard. Pretty faded, with torn right forewing."
AGWG229,2022-12-09T00:00:00Z,Missouri city,TX,,USA,Karen,Feeding on milkweed nectar
AGWG260,2022-12-09T00:00:00Z,Missouri City,TX,,USA,Alice,"Sorry I couldn't provide gender nor photo: I made mental note of the tag, but thought it was one of my previously tagged butterflies. Monarch was nectaring on duranta."
AGWG287,2022-12-09T00:00:00Z,Missouri city,TX,,USA,Karen,Feeding on milkweed nectar
AGWG303,2022-12-26T00:00:00Z,Sugarland,TX,,USA,shen-hsiu,Save it from my pool and put it on the nearby tree
AGWG927,2022-10-19T00:00:00Z,Katy,TX,,USA,B,NA
AGWG943,2022-10-16T00:00:00Z,Baytown,TX,,USA,Frances,NA
AGWG962,2022-10-13T00:00:00Z,Baytown,TX,,USA,Frances,Monarch was spotted in the front yard on a Cosmos plant.
AGWG963,2022-10-14T00:00:00Z,Baytown,TX,,USA,Frances,Butterfly was on a Cosmos on the walkway to our house (It has cosmos & zinnia plants.)
AGWG971,2022-10-11T00:00:00Z,Baytown,TX,,USA,Ryan,"It was found in the backyard of my home, near a wooded trails sight that leads to Jenkins Park."
AGWH302,2022-12-04T00:00:00Z,Pearland,TX,,USA,Eddie,Laying eggs on milkweeds
AGWH412,2022-12-07T00:00:00Z,Buna,TX,,USA,kelli,NA
AGWH847,2022-11-16T00:00:00Z,schertz,TX,,USA,Cheryl,NA
AGWJ414,2022-10-08T00:00:00Z,San Antonio,TX,,USA,Wendy,San Antonio Zoo
AGWJ426,2022-10-10T00:00:00Z,Alamo Heights,TX,,USA,Cristina,It was found in my front yard on a pink/yellow lantana bush
AGWJ448,2022-10-11T00:00:00Z,San Antonio,TX,,USA,Rubi,Found at the San Antonio Zoo Discovery Playce garden by our Greater Flamingo's exhibit.
AGWJ448,2022-10-24T00:00:00Z,San Antonio Zoo,TX,,USA,David,"Found in the pollinator garden at the San Antonio Zoo. Some damage to hindwings, and dull colors overall. Maybe an older individual"
AGWJ472,2022-10-08T00:00:00Z,San Antonio,TX,,USA,Hannah,"Laying eggs on a nearby milkweed plant. Also I'm not certain the ""J"" was the correct symbol on her id bc the photo I took was partially blocked and i couldnt see the bottom of the letter"
AGWJ566,2022-10-08T00:00:00Z,San Antonio,TX,,USA,Wendy,San Antonio Zoo
AGWJ566,2022-10-10T00:00:00Z,San Antonio,TX,,USA,Carol,Spotted at San Antonio Zoo
AGWJ592,2022-10-09T00:00:00Z,San Antonio,TX,,USA,Sherry,Feeding on a Greg’s mist plant in a flower garden near my front door
AGWJ592,2022-10-09T00:00:00Z,San Antonio,TX,,USA,John,our front garden area shared with our neighbor
AGWJ596,2022-10-12T00:00:00Z,San Antonio,TX,,USA,Nicole,Spotted at San Antonio Zoo.
AGWJ642,2022-10-10T00:00:00Z,San Antonio,TX,,USA,Brian,NA
AGWJ643,2022-10-08T00:00:00Z,San Antonio,TX,,USA,NA,NA
AGWJ672,2022-10-08T00:00:00Z,San Antonio,TX,,USA,Linda,Found at San Antonio Zoo
AGWJ681,2022-10-09T00:00:00Z,San Antonio,TX,,USA,Matthew,NA
AGWJ713,2022-10-13T00:00:00Z,San Antonio,TX,,USA,Mariana,We were at a picnic table near the San Antonio zoo. The monarch was dead.
AGWJ740,2022-10-09T00:00:00Z,San Antonio,TX,,USA,Samantha,Japanese Tea Garden
AGWJ742,2022-10-11T00:00:00Z,San Antonio,TX,,USA,Rubi,Found at the San Antonio Zoo Discovery Playce native garden by our Greater Flamingo Exhibit.
AGWJ751,2022-10-14T00:00:00Z,San Antonio,TX,,USA,Michelle,San Antonio Botanical Garden
AGWJ751,2022-10-23T00:00:00Z,San Antonio,TX,,USA,David,Seen at the San Antonio Botanical Garden. Tons of butterflies there on siam weed
AGWJ751,2022-10-23T00:00:00Z,San Antonio,TX,,USA,Becca,Found at San Antonio Botanical Garden nectaring on Gregg’s Mistflower
AGWJ760,2022-10-13T00:00:00Z,San Antonio,TX,,USA,Laura,He was feeding in the pollinator garden at the San Antonio Zoo
AGWJ768,2022-10-12T00:00:00Z,San Antonio,TX,,USA,David,Found at the San Antonio Botanical Garden during a butterfly survey. Feeding from Conoclinium sp. Some damage to left wing
AGWJ943,2022-10-24T00:00:00Z,San Antonio,TX,,USA,Merrilee,NA
AGWJ945,2022-10-22T00:00:00Z,San Antonio,TX,,USA,R,NA
AGWJ947,2022-10-22T00:00:00Z,San Antonio,TX,,USA,David,San Antonio Botanical Garden
AGWJ949,2022-10-23T00:00:00Z,San Antonio,TX,,USA,JEREMY,spotted twice at the San Antonio botanical garden rose and old fashioned garden
AGWJ952,2022-10-23T00:00:00Z,San Antonio,TX,,USA,Harmony,Happy on a flower
AGWJ953,2022-10-24T00:00:00Z,San Antonio,TX,,USA,Keith,San Antonio Botanical Gardens
AGWJ986,2022-10-26T00:00:00Z,San Antonio,TX,,USA,NA,Currently resting on our a/c unit. Has been flitting around our garden
AGWL003,2022-10-25T00:00:00Z,San Antonio,TX,,USA,Abby,San Antonio Botanical gardens
AGWL015,2022-11-06T00:00:00Z,San Antonio,TX,,USA,David,Old Fashioned Garden
AGWL056,2022-10-29T00:00:00Z,San Antonio,TX,,USA,Wendell,Found at the San Antonio Botanical Gardens. There were many monarchs there and several were tagged.
AGWL157,2022-10-31T00:00:00Z,San Antonio,TX,,USA,Agustin,San Antonio Botanical Garden
AGWL201,2022-10-28T00:00:00Z,San Antonio,TX,,USA,Emily,At the San Antonio Botanical Gardens on Purple Mistflower in the Pollinator garden
AGWL328,2022-10-09T00:00:00Z,San Antonio,TX,,USA,Aidan,NA
AGWL362,2022-10-14T00:00:00Z,South Padre Island,TX,,USA,Barbara,"AGWL362 was found happily feasting on Jack in the Bush nectar at South Padre Birding Center in South Padre Island, TX on Friday, 10/14/22. No visible damage to wings and sticker was still firmly affixed. Godspeed, Monarch!"
AGWP030,2022-10-15T00:00:00Z,Andrews,TX,,USA,Julia,NA
AGWP829,2022-09-10T00:00:00Z,Montreal,QC,,CAN,Tom,We plant Mexican sunflowers grown from seed every year. She has been here in our backyard for days.
AGWR268,2022-09-12T00:00:00Z,Alton,NH,,USA,Taylor,In my yard
AGWR338,2022-09-01T00:00:00Z,Alna,ME,,USA,Kaitlyn,on a sunflower
AGWS156,2022-09-10T00:00:00Z,Clarence Center,NY,,USA,Joan,The butterfly spent a lot of time on my zinnias !
AGWS156,2022-09-10T00:00:00Z,Clarence Center,NY,,USA,Lauren,Getting nectar from the zinnias all day!
AGWT248,2022-10-08T00:00:00Z,Arnold,MD,,USA,Erin,NA
AGWU163,2022-11-06T00:00:00Z,Point Clear,AL,,USA,Steven,Feeding on a bottle brush bush in Point Clear Alabama
AGWU181,2022-10-30T00:00:00Z,Point Clear,AL,,USA,Emily,NA
AGWU183,2022-10-27T00:00:00Z,Fairhope,AL,,USA,Lisa,Spotted the butterfly with about 20 others feeding off a bush
AGWU211,2022-10-30T00:00:00Z,Point Clear,AL,,USA,Emily,NA
AGWU212,2022-10-31T00:00:00Z,Point Clear,AL,,USA,Jennifer,The monarch was feeding on a cluster bottlebrush shrub
AGWU217,2022-10-31T00:00:00Z,Point Clear,AL,,USA,Jennifer,The monarch was feeding on a crimson bottlebrush shrub
AGWU218,2022-10-30T00:00:00Z,Point Clear,AL,,USA,Emily,NA
AGWU219,2022-10-29T00:00:00Z,Point Clear,AL,,USA,Erin,Found at the Monarch Waystation Program garden
AGWU222,2022-10-29T00:00:00Z,Point Clear,AL,,USA,Margaret,"Seen with about 50 on bushes, Grand Hotel just in front of mobile Bay"
AGWU222,2022-10-30T00:00:00Z,Point Clear,AL,,USA,Emily,NA
AGWU236,2022-10-30T00:00:00Z,Point Clear,AL,,USA,Emily,NA
AGWU242,2022-10-30T00:00:00Z,Point Clear,AL,,USA,Emily,NA
AGWU244,2022-10-30T00:00:00Z,Point Clear,AL,,USA,Emily,NA
AGWU255,2022-10-30T00:00:00Z,Point Clear,AL,,USA,Emily,NA
AGWU437,2022-09-14T00:00:00Z,Virginia Beach,VA,,USA,amy,it was seen in our garden yesterday and then found inside our garage this morning...seemed like it was nearly dead so we put it back out in the garden - came back and it was stiff.
AGWW416,2022-11-24T00:00:00Z,Apalachicola,FL,,USA,Susie,It was floating above my garden and I captured a photo as she rested on the blooms
AGWW691,2022-12-29T00:00:00Z,Port St. Joe,FL,,USA,Andrea,Port St. Joe Beach
AGWX745,2022-09-14T00:00:00Z,Lancaster,OH,,USA,Rella,The butterfly was on flowers along my driveway around 4:00 PM.
AGWX909,2022-10-10T00:00:00Z,Toledo,OH,,USA,LYNETTE,I released it yesterday. It never made it farther than my yard. A praying mantis was eating it.
AGWY658,2022-11-07T00:00:00Z,Tipp City,OH,,USA,Autum & Lola,NA
AGWZ178,2022-09-10T00:00:00Z,Milford,MI,,USA,Jacob,Found in Milford Park on a large nectar rich bush.
AGWZ713,2022-10-02T00:00:00Z,Omaha,NE,,USA,JESSICA,NA
AGXA396,2022-09-05T00:00:00Z,Little Chute,WI,,USA,Paul,It was get nourishment on a Meadow Blazing Star
AGXA438,2022-09-06T00:00:00Z,St. Paul,MN,,USA,Elisha,In my front yard flower garden.
AGXA462,2022-09-15T00:00:00Z,Eagan,MN,,USA,Lawrence,Front yard on sunflower and unknown plant
AGXA469,2022-09-18T00:00:00Z,Bloomington,MN,,USA,Eric,Found near backyard vegetable and flower garden visiting Zinnias.
AGXC721,2022-10-04T00:00:00Z,Mcloud,OK,,USA,Ryan,NA
AGXC885,2022-09-28T00:00:00Z,Tulsa,OK,,USA,Melanie,Saw it and took pictures at Tulsa Gathering Place
AGXC960,2022-10-01T00:00:00Z,Tulsa,OK,,USA,STEVY,Gathering Place
AGXE013,2022-10-02T00:00:00Z,TULSA,OK,,USA,LAURA,It was nectaring on porterweed at the Tulsa Garden Center
AGXE033,2022-09-30T00:00:00Z,Tulsa,OK,,USA,Jim,I found the monarch on a milkweed plant in a raised bed garden in my yard.
AGXE033,2022-10-03T00:00:00Z,Tulsa,OK,,USA,Jim,I also reported a monarch with same tag code on september 30
AGXE651,2022-09-07T00:00:00Z,Ottawa,ON,,CAN,Janet,Fletcher Wildlife Garden
AGXE651,2022-09-07T00:00:00Z,OTTAWA,ON,,CAN,JANET,took a photo of the monarch at Fletchers Wildlife garden
AGXG283,2022-09-04T00:00:00Z,Dover,NH,,USA,Chris,NA
AGXG469,2022-09-07T00:00:00Z,Rockport,ME,,USA,Christy,Found by my 5 yo daughter on a flower in her flower garden. “Mommy! This monarch has a sticker on it!”
AGXL100,2022-10-12T00:00:00Z,Columbia,MD,,USA,CASEY,"slug slime on wings, abdomen detached."
AGXL117,2022-10-14T00:00:00Z,Columbia,MD,,USA,CASEY,predator damage
AGXM335,2022-10-08T00:00:00Z,Asheville,NC,,USA,Steph,NA
AGXM335,2022-10-09T00:00:00Z,Asheville,NC,,USA,Gina,Found at NC Arboretum Asheville NC
AGXM335,2022-10-09T00:00:00Z,Asheville,NC,,USA,Sara,NC Arboretum - outside
AGXM806,2022-10-03T00:00:00Z,Athens,GA,,USA,Martha Easton,"Found at State Botanical Gardens in Athens,GA"
AGXN076,2022-09-17T00:00:00Z,Louisville,KY,,USA,Alison,"Was found in our garden, colleting pollen from zinnia flowers. Seemed to be in good condition"
AGXN112,2022-09-17T00:00:00Z,Morehead,KY,,USA,Jason,It was found dead. I'm pretty sure I photographed it a few days before in the same exact spot.
AGXN113,2022-09-19T00:00:00Z,Morehead,KY,,USA,Holly,"It isn’t flying, i found it on the sidewalk."
AGXR791,2022-09-18T00:00:00Z,Davenport,IA,,USA,Lisa,"I was informed this monarch was tagged and release a few miles away on 9/13/22. He was feeding on New England Aster in my native prairie garden, and looked perfect!"
AGXT020,2022-09-09T00:00:00Z,Forest Lake,MN,,USA,Kaari,Kept in a mesh enclosure outdoors from caterpillar to adult.
AGXT595,2022-09-29T00:00:00Z,Wichita,KS,,USA,Susan/ Betsy,Price Harris Elementary 3rd grade student Lilly found on the playground. It was dead when she found it. We did not see the tag until the next day.
AGXW657,2022-09-23T00:00:00Z,Wichita,KS,,USA,Kimberly,I saw the monarch at Botanica in Wichita Kansas
AGXW722,2022-10-10T00:00:00Z,Witchita,KS,,USA,Alana,NA
AGXW736,2022-10-15T00:00:00Z,Wichita,KS,,USA,Chase,NA
AGXW823,2022-10-05T00:00:00Z,Wichita,KS,,USA,Dan,At botanical garden
AGXX554,2022-09-29T00:00:00Z,Tulsa,OK,,USA,Jennifer Wren,Visiting my herb garden
AGXX554,2022-09-29T00:00:00Z,Tulsa,OK,,USA,Jerry,NA
AGXX645,2022-09-30T00:00:00Z,Tulsa,OK,,USA,Kirby,"It appeared to be in good health at the Tulsa Rose Garden at Woodward Park, Tulsa, OK."
AGXX645,2022-09-30T00:00:00Z,Tulsa,OK,,USA,Agatha,NA
AGXX864,2022-10-09T00:00:00Z,Fredericksburg,TX,,USA,Genevieve,NA
AGXX893,2022-10-09T00:00:00Z,Fredericksburg,TX,,USA,Shelby,Butterfly garden at Wild Seed farms
AGXX905,2022-10-12T00:00:00Z,Fredericksburg,TX,,USA,Becky,At wildflower seed farms.
AGXX924,2022-10-09T00:00:00Z,Fredericksburg,TX,,USA,Shelby,Butterfly garden at Wild Seed Farms
AGXX941,2022-10-08T00:00:00Z,Fredericksburg,TX,,USA,Becky,"At Wildseed Farm, feeding and flying the zinnia flower field."
AGXX949,2022-10-08T00:00:00Z,Fredericksburg,TX,,USA,Valerie,NA
AGXX957,2022-10-08T00:00:00Z,Fredericksburg,TX,,USA,Becky,"At Wildseed Farm, feeding and flying the zinnia flower field."
AGXX960,2022-10-08T00:00:00Z,Fredericksburg,TX,,USA,Becky,"At Wildseed Farm, feeding and flying the zinnia flower field."
AGXX965,2022-10-14T00:00:00Z,Fredericksburg,TX,,USA,Aaron,"Wildseed Farms, 100 Legacy Dr. Fredericksburg,TX 78624"
AGXX965,2022-10-15T00:00:00Z,Fredericksburg,TX,,USA,Donna,"Landed on my Milkweed plant I had just purchased at Wildseed Farms in Fredericksburg, TX"
AGXZ359,2022-09-26T00:00:00Z,Carlisle,PA,,USA,Owen,Driveway with damaged and scratched wings
AGY631,2022-10-22T00:00:00Z,Tipp City,OH,,USA,Jerry,Flower bed in front of business
AGYA983,2022-09-16T00:00:00Z,Ringgold,GA,,USA,Cornesha,The wing was clipped a little but he flew away.
AGYB567,2022-09-19T00:00:00Z,Sterling Heights,MI,,USA,JEFF,Feeding off my butterfly bush. Enjoying the warmth of the sun. Doing well! Enjoying the sunshine and nectar! on a butterfly bush
AGYB702,2022-09-03T00:00:00Z,Bellevue,IA,,USA,Maria,Bellevue State park butterfly garden.
AGYB702,2022-09-04T00:00:00Z,Bellevue,IA,,USA,Shawn,In a pollinator-friendly garden maintained in an Iowa State Park about a 1/2 mile from the Mississippi River.
AGYB922,2022-09-15T00:00:00Z,Kenosha,WI,,USA,Arian,"Backyard garden, on large sunflowers"
AGYC600,2022-10-05T00:00:00Z,Oklahoma City,OK,,USA,Jennie,"I found the monarch, with many others, at 12:10 p.m. in Will Rogers Park."
AGYC875,2022-10-10T00:00:00Z,Cypress,TX,,USA,Rachel,Found on our milkweed at night
AGYG255,2022-10-27T00:00:00Z,Hamilton,NJ,,USA,Pamela Jo,"It flew into my backyard, which is still filled with flowers and a butterfly bush that still has blooms on it. It landed on the butterfly bush. It first caught my attention because it was so small - and of course, because it appeared so late in October."
AGYG286,2022-11-12T00:00:00Z,New York,NY,,USA,Michael,On flowers on Governors Island.
AGYJ348,2022-10-12T00:00:00Z,Chesterfield,VA,,USA,Cheryl,It was feeding at a butterfly bush at a memory care residential facility
AGYJ708,2022-09-14T00:00:00Z,Chapel Hill,NC,,USA,Kathleen,In my front yard at the above address
AGYL818,2022-09-24T00:00:00Z,Lexington,KY,,USA,Janet,He/She was between Frankfort and Lexington KY in flowery area close to Versailles Rd
AGYL824,2022-09-24T00:00:00Z,Frankfort,KY,,USA,Andrew,"The Monarch was found on goldenrod at Wilson Nurseries in Frankfort, KY along side honeybees and another tagged Monarch that we failed to get the tag number. The Monarch appeared to be in good health collecting nectar."
AGYL940,2022-10-04T00:00:00Z,Louisville,KY,,USA,Claire,NA
AGYM004,2022-09-25T00:00:00Z,Bowling Green,KY,,USA,Heather,On native wildflowers in my horse pasture
AGYM863,2022-09-21T00:00:00Z,Cleveland,OH,,USA,Charles,I was taking pictures at Lower Shaker Lake. It was feeding at the small Heights Pathway pollinator Garden.
AGYN956,2022-09-30T00:00:00Z,Cedar Rapids,IA,,USA,Tyler,Noelridge Park Prairie
AGYP638,2022-09-19T00:00:00Z,Elmhurst,IL,,USA,Eva & Adam,Found and pictured flying around our driveway flowers and feeding well.
AGYR339,2022-10-04T00:00:00Z,Springdale,AR,,USA,Jeff,NA
AGYR422,2022-10-05T00:00:00Z,Yukon,OK,,USA,Voyle,All Monarchs were collected in my Milkweed flower beds.
AGYR663,2022-10-30T00:00:00Z,Austin,TX,,USA,Brooke,Zilker Botanical Gardens
AGYR674,2022-10-31T00:00:00Z,Austin,TX,,USA,Lorrie,This butterfly was spotted at the Zilker Park Botanical Gardens munching on flowers with a group of many other butterflies.
AGYR675,2022-11-06T00:00:00Z,Austin,TX,,USA,Jason,NA
AGYR678,2022-10-30T00:00:00Z,Austin,TX,,USA,Heather,NA
AGYR691,2022-10-30T00:00:00Z,Austin,TX,,USA,Heather,NA
AGYR691,2022-11-06T00:00:00Z,New Braunfels,TX,,USA,Kay,"Garden, on African blue basil"
AGYR706,2022-10-30T00:00:00Z,Austin,TX,,USA,Brooke,Zilker Botanical Gardnes
AGYR720,2022-10-30T00:00:00Z,Austin,TX,,USA,Brooke,I believe it is a male.
AGYR734,2022-10-30T00:00:00Z,Austin,TX,,USA,Tim,Being eaten at zilker botanical gardens by an orb weaver
AGYR739,2022-10-30T00:00:00Z,Austin,TX,,USA,Brooke,zilker botanical gardens
AGYR740,2022-10-30T00:00:00Z,Austin,TX,,USA,Brooke,Zilker Botanical Gardens
AGYRT27,2022-10-11T00:00:00Z,Bandera,TX,,USA,Hannah,NA
AGYS006,2022-09-24T00:00:00Z,Middletown,NY,,USA,William,"I saw it feeding on a goldenrod on one of the Middletown Reservoir Trails (MIddletown, NY)."
AGYS350,2022-09-18T00:00:00Z,Herndon,VA,,USA,Nicole,Beautiful
AGYS377,2022-09-25T00:00:00Z,Fairfax,VA,,USA,Hilary,There was a monarch way station just a few yards ahead of where I was when I came across her. She looked to be warming up before heading out in to the day.
AGYT266,2022-10-13T00:00:00Z,Dallas,TX,,USA,Lois,"After I caught it to tag, noticed the previous tag, and the tag fell off as I was going to sex it, seeing the tag shocked me and it got away, but the tag fell off."
AGYU843,2022-10-09T00:00:00Z,Point Clear,AL,,USA,Brandy,The Grand Hotel- On Foliage around a pond
AGYU857,2022-10-17T00:00:00Z,Fairhope,AL,,USA,Emily,NA
AGYU857,2022-10-17T00:00:00Z,Point Clear,AL,,USA,Allison,Resting on lemon bottle brush flower
AGYX317,2022-09-28T00:00:00Z,Stillwater,OK,,USA,Anna,Feeding on a bush on campus
AGYY390,2022-10-21T00:00:00Z,San Antonio,TX,,USA,Diana,NA
AGYY493,2022-11-01T00:00:00Z,San Antonio,TX,,USA,MICHELLE,NA
AGYZ083,2022-09-30T00:00:00Z,Barnegat,NJ,,USA,Nicholas,Found in a garden bed
AGYZ204,2022-10-03T00:00:00Z,Knoxville,TN,,USA,JESSICA,Found tagged wing in grass.
AGZA111,2022-09-18T00:00:00Z,Oak Island,NC,,USA,Karen,NA
AGZA147,2022-09-20T00:00:00Z,Chesapeake,VA,,USA,Dana,"It was found on the ground in the grass in my back yard, deceased. In good condition. I thought it was fake at first because of the sticker."
AGZA219,2022-10-01T00:00:00Z,chesapeake,VA,,USA,Joy,"I have pics. Monarch was on coneflowers at Lowe,s. Watched it flutter to all the different flowers. I think he thought I was stalking him! I was!"
AGZB351,2022-09-24T00:00:00Z,New bern,NC,,USA,Carolyn,Front of house. Dead on the sidewalk
AGZB416,2022-11-03T00:00:00Z,ORMOND BEACH,FL,,USA,JOSEPH,NA
AGZB642,2022-11-03T00:00:00Z,Asheville,NC,,USA,Maci,NA
AGZB959,2022-11-14T00:00:00Z,Port Richey,FL,,USA,Lisa,Found resting and laying eggs on my milkweed plants
AGZB979,2022-11-22T00:00:00Z,New Port Richey,FL,,USA,Cynthia,NA
AGZC457,2022-10-13T00:00:00Z,North Ridgeville,OH,,USA,Rob,Students found him in our wildflower pasture!
AGZE080,2022-09-15T00:00:00Z,Glenwood,MN,,USA,Anthony,NA
AGZE180,2022-09-09T00:00:00Z,Hoffman Estates,IL,,USA,SUE,NA
AGZG497,2022-09-25T00:00:00Z,Clayton,NJ,,USA,Haileigh,"I found her in our front yard, her one front arm was broken off but everything else was intact and she could still move her wings."
AGZG605,2022-09-29T00:00:00Z,Brooklyn,NY,,USA,Edwin,Found in my backyard garden amid a tangle of trees and plants.
AGZH035,2022-09-20T00:00:00Z,Adamsville,PA,,USA,Erin,NA
AGZH288,2022-10-06T00:00:00Z,Ellicott city,MD,,USA,Graeme,On butterfly bush
AGZJ254,2022-10-29T00:00:00Z,Crawfordville,FL,,USA,Andy,NA
AGZJ466,2022-10-23T00:00:00Z,st marks,FL,,USA,jonah,St marks wildlife refuge
AGZL305,2022-10-28T00:00:00Z,Versailles,KY,,USA,Chastin,on my front porch
AGZL333,2022-10-23T00:00:00Z,NORWOOD,OH,,USA,TIM,NA
AGZL781,2022-09-25T00:00:00Z,Iowa City,IA,,USA,Scott,Found deceased on our back patio
AGZL806,2022-09-27T00:00:00Z,IOWA CITY,IA,,USA,patti,ON MY DRIVEWAY
AGZP082,2022-12-07T00:00:00Z,South Padre Island,TX,,USA,Karl,wing damage and worn. found outside the South Padre Island Nature Center.
AGZP358,2022-11-11T00:00:00Z,Edinburg,TX,,USA,ken,Nectaring on my backyard Duranta plants and milkweed.
AGZP530,2022-10-12T00:00:00Z,Westport,MA,,USA,Jim,Members of our birding group photographed the butterfly while it was alighting on a fence near the parking lot at Gooseberry Neck (a well known butterfly watching location here in Massachusetts).
AGZR503,2022-09-25T00:00:00Z,Wantage,NJ,,USA,Desiree,Found on Cedar Swamp trail High Point State Park
AGZS824,2022-10-09T00:00:00Z,Rock island,IL,,USA,Marisa,Found at Long View Park
AGZU550,2022-10-06T00:00:00Z,South Deerfield,MA,,USA,Fred,In a farm field sunning herself
AGZU550,2022-10-06T00:00:00Z,Deerfield,MA,,USA,NA,NA
AGZU762,2022-10-11T00:00:00Z,Shillington,PA,,USA,Jacquie,"found in flower bed leaves, folded in half"
AGZU779,2022-10-12T00:00:00Z,Shillington,PA,,USA,Wendy,Found in my garden 24+ hours after release
AGZW106,2022-09-17T00:00:00Z,Norwood,MA,,USA,James,It was in a butterfly bush in my yard
AGZW110,2022-09-19T00:00:00Z,Johnston,RI,,USA,David,NA
AGZW191,2022-09-26T00:00:00Z,Weymouth,MA,,USA,Jennifer,"Looking healthy, wings intact and strong, on a butterfly bush in my backyard (I know, bad plant to have but I have lots of milkweed and native plants to offer - heading for that 70% native plants backyard environment )"
AGZW208,2022-09-27T00:00:00Z,Hingham,MA,,USA,Christina,NA
AGZW269,2022-10-10T00:00:00Z,cape may,NJ,,USA,Andi,I found it at my uncle’s house Mccllum Ave infront of his house in cape may
AGZY508,2022-10-23T00:00:00Z,Jeffersonville,IN,,USA,Craig,Found moving between butterfly bushes in front of our house.
AGZY942,2022-09-17T00:00:00Z,Cleveland,OH,,USA,Sai,Found in Wendy park on lake Erie shore
AHAA563,2022-10-02T00:00:00Z,Saint Joseph,MO,,USA,David,I took my granddaughters to the John Rushin Teaching and Research Prairie on the campus of Missouri Western State University. We saw the marked specimen on a New England Aster. MWSU students in The Wildlife Society had conducted a tagging workshop at the prairie the day before.
AHAC321,2022-09-20T00:00:00Z,Cleveland,OH,,USA,Jeffrey,NA
AHAC468,2022-09-17T00:00:00Z,Redford,MI,,USA,Jules,NA
AHAE057,2022-09-18T00:00:00Z,Omaha,NE,,USA,Barb,NA
AHAE059,2022-09-16T00:00:00Z,OMAHA,NE,,USA,Rodney,Heron Haven Omaha NE I did't notice the tag until after I took the photo and zoomed in.
AHAE155,2022-11-14T00:00:00Z,Norman,OK,,USA,Eden,NA
AHAE189,2022-10-25T00:00:00Z,Del Rio,TX,,USA,Maribel,On my plants
AHAE237,2022-10-02T00:00:00Z,Oklahoma City,OK,,USA,Jeff,Will Rogers Park in the Mexican sage flowers
AHAE278,2022-10-01T00:00:00Z,Oklahoma City,OK,,USA,Collin,Feeding in a city park with lots of other monarchs.
AHAE318,2022-10-03T00:00:00Z,Bethany,OK,,USA,Ron,NA
AHAE455,2022-10-11T00:00:00Z,Dallas,TX,,USA,Claire,The monarch was found in my backyard snacking on abelia.
AHAE565,2022-11-06T00:00:00Z,Killeen,TX,,USA,Paul,He was with 2 other monarchs without tags. I saw him feeding from the flower garden in back yard. They were there for quite a while.
AHAE565,2022-11-12T00:00:00Z,Killeen,TX,,USA,Luz,NA
AHAE632,2022-10-27T00:00:00Z,Kerrville,TX,,USA,N,"She was a happy, healthy monarch pollinating a flower bush."
AHAG036,2022-09-30T00:00:00Z,Grand Rapids,MI,,USA,Erin,NA
AHAG065,2022-09-25T00:00:00Z,Grand Rapids,MI,,USA,Robert,"John Ball zoo, his statue."
AHAJ424,2022-10-25T00:00:00Z,Austin,TX,,USA,Kristin,NA
AHAM703,2022-10-29T00:00:00Z,Cape May,NJ,,USA,Jessica,In a tree on Harvard Ave
AHAM900,2022-10-10T00:00:00Z,Pittsburgh,PA,,USA,Eric,Dead on side of road.
AHAN245,2022-10-14T00:00:00Z,Washington,DC,,USA,Ryan,Feeding on our backyard butterfly bush
AHAN934,2022-10-26T00:00:00Z,Asheville,NC,,USA,Ana,NA
AHAN945,2022-11-08T00:00:00Z,Shalimar,FL,,USA,yente,"found him feeding on milkweed in full bloom ! Very healthy large male, i thought it was one i let go a few days ago without a tag!"
AHAP183,2022-10-16T00:00:00Z,Sanford,FL,,USA,Andrew,Laying eggs and on Scarlet Milkweed in my back yard.
AHAP192,2022-10-24T00:00:00Z,Sanford,FL,,USA,NA,Neighborhood playground
AHAP206,2022-12-10T00:00:00Z,SANFORD,FL,,USA,RON,Found in my front garden where I have several milkweed plants and nectar plants. It appears to have been dead for some time. Might be a victim of the mosquito spraying that the county did after Hurricanes Ian and Nicole.
AHAT376,2022-10-25T00:00:00Z,ATLANTA,GA,,USA,SARAH,I found this tag in my backyard. It’s one that I tagged a few weeks ago in my front yard. It’s just the tag and no butterfly.
AHAT877,2022-12-05T00:00:00Z,Missouri city,TX,,USA,Karen,Found eating milk weed flowers
AHAU800,2022-10-11T00:00:00Z,Granbury,TX,,USA,Brenden,Found in Acton Nature Center Butterfly Garden
AHAU800,2022-10-15T00:00:00Z,Acton,TX,,USA,Joe,Acton Nature Center butterfly garden
AHAW001,2022-10-03T00:00:00Z,San Antonio,TX,,USA,Matthew,NA
AHAZ801,2022-10-23T00:00:00Z,BEE CAVE,TX,,USA,SCOTT,same location as I tagged it at yesterday.
AHBA936,2022-10-17T00:00:00Z,Wichita,KS,,USA,Kim,NA
AHBA940,2022-10-29T00:00:00Z,Wichita,KS,,USA,Megan,We saw it at Botanica.
AHBB698,2022-10-27T00:00:00Z,Boerne,TX,,USA,Mark,Alive feeding on Salvia.
AHBC819,2022-12-06T00:00:00Z,Klein,TX,,USA,Trish,"It was in our backyard, laying eggs in our butterfly bush"
AHBC854,2022-10-29T00:00:00Z,Cypress,TX,,USA,Dana,The monarch was found in mulch moving but it could not fly and seemed sick or dying.
GXX638,2022-10-02T00:00:00Z,Tulsa,OK,,USA,Montez,Beautiful fresh looking monarch. Nectaring on aster
UMT629,2022-09-01T00:00:00Z,Raleigh,NC,,USA,Jeff,"Butterfly garden, NCSM Prairie Ridge Ecostation, 1671 Gold Star Drive, Raleigh, NC 27607. Mating with male."
WBT932,2022-09-10T00:00:00Z,Hagerstown,MD,,USA,Lukas,"The butterfly had a damaged wing, I placed it by the butterfly feeder in my garden. It seemed tired."
YUB708,2022-09-03T00:00:00Z,Toronto,ON,,CAN,Erin,Nectaring on some butterfly bush
